Reservoir No,Res Area,Res Vol,Res Cost[INR],General/village_name,General/GPS_lat,General/GPS_long,General/dependents,General/children_help,financial_information/area_total,financial_information/area_cotton,financial_information/cows,financial_information/bulls,financial_information/goats,total_livestock,financial_information/loan_debt,financial_information/interest_rate,financial_information/other_income_job,financial_information/family_income,addtl_income_total,price_cotton_factors/seeds_package_cost,price_cotton_factors/seeds_use,Seeds_Cost_per_ha,price_cotton_factors/cotton_yield,total_cotton_yield,price_cotton_factors/crop_selling_price,Open_Well,Borewell,FarmPond,water/soil_depth,water/area_irrig,Irrigation_Per_Season,water/irrig_serv_cost,water/irrigation_technology/micro,water/irrigation_technology/sprinklers,water/irrigation_technology/furrow,water/irrigation_technology/other,water/irrigation_other,fert_pest/fertilizer_type/manure,fert_pest/fertilizer_type/potash,fert_pest/fertilizer_type/chemical,fert_pest/fertilizer_type/dap,fert_pest/fertilizer_type/NPK,fert_pest/fertilizer_type/ssp,fert_pest/fertilizer_type/urea,fert_pest/fertilizer_type/other,fert_pest/fert_type_other,fert_pest/fertilizer_amount,fert_pest/fertilizers_cost,fert_cost_per_kg,fert_pest/pesticide_cost,pest_cost_per_ha,Basin/Farmer Area ,Reservoir No,Res Vol
1,100,300,25000,Pandhari,20.3123,78.15054,4,2,3,2.5,1,1,0,2,62000,n/a,30000,6000,36000,730,2,590.8539053,6.5,16.25,5000,1,0,0,4.5,1.5,2,6500,FALSE,FALSE,TRUE,FALSE,n/a,TRUE,FALSE,FALSE,TRUE,TRUE,FALSE,TRUE,FALSE,n/a,300,5100,17,1800,291.3800081,0.345939686,0,0
2,100,300,25000,Ghodhkhindi,20.30307,78.16315,4,0,7,6,0,2,0,2,350000,60,0,0,0,740,2,598.9477944,7.5,45,5000,1,0,0,1.5,0,0,n/a,n/a,n/a,n/a,n/a,n/a,TRUE,FALSE,FALSE,TRUE,TRUE,TRUE,TRUE,FALSE,n/a,150,2160,14.4,1000,67.44907595,0.345939686,0,0
3,100,300,25000,Sawargad,20.33761,78.165644,4,1,5,2.5,0,2,0,2,50000,4,30000,0,30000,750,2.5,758.8021044,5,12.5,5000,1,0,1,3,0,0,n/a,n/a,n/a,n/a,n/a,n/a,TRUE,TRUE,FALSE,TRUE,TRUE,TRUE,TRUE,FALSE,n/a,100,1300,13,1000,161.8777823,0.345939686,0,0
4,100,300,25000,Ratchandna,20.32396,78.18746,5,1,3,3,5,2,7,14,n/a,n/a,50000,0,50000,1000,1.5,607.0416835,7,21,4500,1,0,0,6,3,4,15000,FALSE,TRUE,FALSE,FALSE,n/a,TRUE,TRUE,FALSE,FALSE,FALSE,FALSE,TRUE,FALSE,n/a,100,3500,35,6000,809.3889114,0.345939686,0,0
5,100,300,25000,Pandhari,20.3123,78.15054,3,1,2.5,2.5,2,0,1,3,n/a,n/a,100000,n/a,100000,730,2,590.8539053,4,10,5000,0,0,0,1,0,0,0,n/a,n/a,n/a,n/a,n/a,FALSE,TRUE,TRUE,TRUE,TRUE,FALSE,TRUE,TRUE,"Cowdunk,",100,1600,16,4000,647.5111291,0.345939686,0,0
6,100,300,25000,Ghodhkhindi,20.30307,78.16315,3,5,9,8,4,2,0,6,n/a,n/a,100000,n/a,100000,730,2,590.8539053,4,32,5000,1,0,0,2,3,4,n/a,FALSE,TRUE,FALSE,FALSE,n/a,TRUE,TRUE,FALSE,TRUE,TRUE,TRUE,TRUE,FALSE,n/a,200,2800,14,700,35.41076487,0.345939686,0,0
7,100,300,25000,Sawargad,20.33761,78.165644,1,4,5.7,5,0,0,0,0,70000,6,0,0,0,700,2,566.572238,3,15,15000,1,1,1,1,5.75,5,2000,FALSE,TRUE,FALSE,FALSE,n/a,FALSE,TRUE,FALSE,TRUE,TRUE,FALSE,TRUE,FALSE,Cow dung,300,6000,20,8000,647.5111291,0.345939686,0,0
8,100,300,25000,Sawargad,20.33761,78.165644,5,1,11,5,0,3,1,4,n/a,n/a,0,0,0,730,2,590.8539053,6,30,4500,1,1,0,5,5,5,12000,FALSE,TRUE,TRUE,FALSE,n/a,TRUE,TRUE,FALSE,TRUE,TRUE,TRUE,TRUE,FALSE,n/a,300,6000,20,6000,485.6333468,0.345939686,0,0
9,100,300,25000,Ratchandna,20.32396,78.18746,3,1,3,3,1,2,1,4,750000,12,20000,0,20000,730,2,590.8539053,7,21,5100,0,0,1,1.5,0,0,n/a,n/a,n/a,n/a,n/a,None of them,FALSE,TRUE,TRUE,TRUE,TRUE,FALSE,TRUE,FALSE,Cow dung,100,10000,100,4000,539.5926076,0.345939686,0,0
10,100,300,25000,Pandhari,20.3123,78.15054,2,3,32,33,3,0,0,3,25000,2,72000,n/a,72000,730,2,590.8539053,3,99,5000,0,0,0,1,n/a,n/a,0,n/a,n/a,n/a,n/a,n/a,FALSE,FALSE,FALSE,TRUE,TRUE,FALSE,TRUE,FALSE,n/a,200,3000,15,1000,12.26346835,0.345939686,0,0
11,100,300,25000,Ghodhkhindi,20.30307,78.16315,3,0,3,2.5,0,0,0,0,50000,4,50000,0,50000,820,1.5,497.7741805,5,12.5,55000,1,0,0,1.5,2.5,3,7500,FALSE,TRUE,FALSE,FALSE,n/a,FALSE,TRUE,TRUE,TRUE,TRUE,TRUE,TRUE,FALSE,n/a,100,10000,100,3000,485.6333468,0.345939686,0,0
12,100,300,25000,Sawargad,20.33761,78.16564,4,0,5,1.5,0,0,0,0,10000,0,40000,0,40000,750,2,607.0416835,5,7.5,5500,0,0,0,2,0,n/a,n/a,n/a,n/a,n/a,n/a,n/a,TRUE,FALSE,FALSE,TRUE,FALSE,FALSE,TRUE,FALSE,n/a,150,2000,13.33333333,800,215.837043,0.345939686,0,0
13,100,300,25000,Ratchandna,20.32396,78.18746,3,2,3,1.5,8,2,9,19,n/a,n/a,200000,n/a,200000,730,2,590.8539053,7,10.5,5000,1,0,0,1,1.5,3,4000,FALSE,FALSE,TRUE,FALSE,Flood irregation,TRUE,TRUE,FALSE,TRUE,TRUE,FALSE,TRUE,FALSE,n/a,100,3500,35,2000,539.5926076,0.345939686,0,0
14,100,300,25000,Pandhari,20.3123,78.15054,3,3,4,2.5,0,2,1,3,40000,60,20000,9000,29000,925,2,748.684743,6,15,4600,0,0,0,3.5,0,0,n/a,n/a,n/a,n/a,n/a,n/a,TRUE,TRUE,FALSE,TRUE,TRUE,FALSE,TRUE,FALSE,n/a,300,5000,16.66666667,6000,971.2666936,0.345939686,0,0
15,100,300,25000,Ghodhkhindi,20.30307,78.16315,5,3,3,3,0,0,0,0,60000,4,35000,0,35000,740,2,598.9477944,5,15,5000,1,0,0,2,3,1,600,FALSE,TRUE,FALSE,FALSE,n/a,FALSE,FALSE,FALSE,TRUE,FALSE,FALSE,TRUE,FALSE,n/a,100,2400,24,1200,161.8777823,0.345939686,0,0
16,100,300,25000,Sawargad,20.33761,78.165644,3,3,40,3,0,0,5,5,n/a,n/a,0,n/a,0,700,2,566.572238,5,15,4200,0,0,0,2,4,0,n/a,n/a,n/a,n/a,n/a,n/a,FALSE,TRUE,TRUE,TRUE,FALSE,TRUE,TRUE,FALSE,Cowdunk,300,6000,20,1200,161.8777823,0.345939686,0,0
17,100,300,25000,Sawargad,20.33761,78.165644,1,4,9,4,1,3,0,4,360000,6,0,0,0,730,2,590.8539053,6,24,5000,1,1,0,5,4,2,12000,TRUE,FALSE,FALSE,FALSE,n/a,TRUE,FALSE,FALSE,TRUE,TRUE,TRUE,TRUE,FALSE,n/a,300,6500,21.66666667,10000,1011.736139,0.345939686,0,0
18,100,300,25000,Ratchandna,20.32396,78.18746,3,2,3,3,0,0,0,0,86000,16,20000,60000,80000,1000,1.5,607.0416835,5,15,4500,1,0,0,10,3,4,14000,FALSE,TRUE,TRUE,FALSE,n/a,TRUE,TRUE,FALSE,TRUE,FALSE,FALSE,TRUE,FALSE,n/a,100,2000,20,6000,809.3889114,0.345939686,0,0
19,100,300,25000,Pandhari,20.3123,78.15054,4,2,6,4,3,2,0,5,120000,8,10000,0,10000,730,2,590.8539053,5,20,4500,0,0,0,0.6,0,0,0,n/a,n/a,n/a,n/a,n/a,TRUE,TRUE,TRUE,TRUE,TRUE,TRUE,TRUE,FALSE,n/a,300,5000,16.66666667,7000,708.2152975,0.345939686,0,0
20,100,300,25000,Ghodhkhindi,20.30307,78.16315,5,3,4,4,4,2,0,6,250000,4,0,0,0,700,2,566.572238,5,20,5000,1,0,1,0.5,4,3,10000,FALSE,TRUE,TRUE,FALSE,n/a,TRUE,TRUE,FALSE,TRUE,TRUE,FALSE,TRUE,FALSE,n/a,300,5000,16.66666667,4000,404.6944557,0.345939686,0,0
21,100,300,25000,Sawargad,20.33761,78.165644,4,1,3,3,1,2,0,3,0,n/a,30000,0,30000,750,1.5,455.2812626,3,9,5500,0,0,0,2,0,0,n/a,n/a,n/a,n/a,n/a,n/a,TRUE,TRUE,FALSE,TRUE,TRUE,TRUE,TRUE,FALSE,n/a,100,1300,13,1000,134.8981519,0.345939686,0,0
22,100,300,25000,Ratchandna,20.32396,78.18746,3,2,9,4,2,2,0,4,160000,7,0,n/a,0,720,2,582.7600162,10,40,5000,1,0,0,1,3,4,7000,FALSE,TRUE,FALSE,FALSE,n/a,FALSE,TRUE,TRUE,TRUE,TRUE,FALSE,TRUE,FALSE,"Manures, cowdunk",200,7000,35,3000,303.5208418,0.345939686,0,0
23,100,300,25000,Akpuri,20.18097,78.27017,3,0,10,4,0,0,0,0,150000,12,0,0,0,720,2,582.7600162,5,20,4500,1,0,0,5,4,2,6000,FALSE,TRUE,FALSE,FALSE,n/a,FALSE,FALSE,FALSE,FALSE,TRUE,FALSE,TRUE,FALSE,n/a,150,3000,20,3000,303.5208418,0.345939686,0,0
24,100,300,25000,Ganeshpur,20.20786,78.26049,4,4,19,12,2,2,0,4,350000,60,0,0,0,720,1,291.3800081,3.5,42,5000,0,0,1,5,0,n/a,n/a,n/a,n/a,n/a,n/a,n/a,TRUE,TRUE,FALSE,FALSE,TRUE,TRUE,TRUE,FALSE,n/a,150,2400,16,3000,101.1736139,0.345939686,0,0
25,100,300,25000,Akpuri,20.18097,78.27017,5,1,5,4,1,2,0,3,30000,4,0,180000,180000,710,2,574.6661271,6,24,5000,1,0,0,3,4,2,10000,FALSE,TRUE,TRUE,FALSE,n/a,TRUE,FALSE,FALSE,FALSE,TRUE,FALSE,TRUE,FALSE,n/a,150,2000,13.33333333,2000,202.3472278,0.345939686,0,0
26,100,300,25000,Ganeshpur,20.20786,78.26049,2,2,4,4,1,2,10,13,50000,4,0,n/a,0,720,1,291.3800081,6,24,4000,1,0,0,4,4,4,30000,FALSE,TRUE,TRUE,FALSE,n/a,TRUE,TRUE,TRUE,TRUE,FALSE,FALSE,TRUE,FALSE,n/a,50,1200,24,500,50.58680696,0.345939686,0,0
27,100,300,25000,Bodhgavhan,20.34828,78.1571,4,2,5,3,3,2,0,5,70000,6,27000,0,27000,700,2,566.572238,5,15,5000,1,0,0,1.5,3,1,4000,FALSE,TRUE,TRUE,FALSE,n/a,TRUE,TRUE,FALSE,TRUE,TRUE,TRUE,TRUE,FALSE,n/a,150,2000,13.33333333,1500,202.3472278,0.345939686,0,0
28,100,300,25000,Ganeshpur,20.20786,78.26049,5,2,17,13,1,2,0,3,150000,4,0,0,0,720,1,291.3800081,6,78,4700,0,0,0,1.5,4,5,30000,FALSE,TRUE,FALSE,FALSE,n/a,TRUE,TRUE,TRUE,FALSE,FALSE,FALSE,TRUE,FALSE,n/a,50,1300,26,400,12.4521371,0.345939686,0,0
29,100,300,25000,Akpuri,20.18097,78.27017,3,1,7,7,1,2,0,3,250000,12,0,0,0,730,1.5,443.140429,6,42,4500,1,0,0,5,7,3,10000,FALSE,TRUE,FALSE,FALSE,n/a,TRUE,TRUE,FALSE,TRUE,TRUE,FALSE,TRUE,FALSE,n/a,200,5000,25,4000,231.2539747,0.345939686,0,0
30,100,300,25000,Ganeshpur,20.20786,78.26049,4,4,12,12,5,2,5,12,300000,60,10000,0,10000,720,1,291.3800081,4,48,5000,1,1,1,10,6,3,42000,FALSE,TRUE,TRUE,FALSE,n/a,TRUE,TRUE,FALSE,FALSE,TRUE,TRUE,TRUE,FALSE,n/a,150,2400,16,5000,168.6226899,0.345939686,0,0
31,100,300,25000,Dhanora bodh,20.35396,78.16807,6,1,4,2,0,0,0,0,55000,3,18000,30000,48000,720,1,291.3800081,4,8,5000,0,0,0,1.5,0,n/a,n/a,n/a,n/a,n/a,n/a,n/a,FALSE,TRUE,FALSE,TRUE,FALSE,TRUE,TRUE,FALSE,n/a,100,2200,22,1200,242.8166734,0.345939686,0,0
32,100,300,25000,Bodhgavhan,20.34828,78.1571,4,2,5,4,0,0,0,0,n/a,n/a,0,0,0,730,2,590.8539053,9,36,6000,0,0,0,n/a,0,n/a,n/a,n/a,n/a,n/a,n/a,n/a,TRUE,FALSE,TRUE,TRUE,TRUE,TRUE,TRUE,FALSE,n/a,100,500,5,3000,303.5208418,0.345939686,0,0
33,100,300,25000,Akpuri,20.18097,78.27017,2,1,8,8,1,2,0,3,n/a,n/a,0,n/a,0,720,2,582.7600162,4,32,5000,0,0,0,2,n/a,n/a,n/a,n/a,n/a,n/a,n/a,n/a,FALSE,TRUE,TRUE,FALSE,TRUE,TRUE,TRUE,FALSE,"Cowdunk, manures",50,4500,90,1000,50.58680696,0.345939686,0,0
34,100,300,25000,Ganeshpur,20.20786,78.26049,1,1,17,17,0,2,0,2,300000,60,0,0,0,720,1,291.3800081,3.5,59.5,4500,0,0,1,12,0,n/a,n/a,n/a,n/a,n/a,n/a,n/a,FALSE,TRUE,FALSE,FALSE,TRUE,TRUE,TRUE,FALSE,n/a,150,2400,16,3000,71.41666865,0.345939686,0,0
35,100,300,25000,Dhanora bodh,20.35396,78.16807,3,3,3,2,5,2,2,9,450000,0,10000,0,10000,710,2,574.6661271,4,8,5000,1,0,0,1,2,3,3000,FALSE,FALSE,TRUE,FALSE,n/a,TRUE,TRUE,FALSE,TRUE,TRUE,FALSE,TRUE,FALSE,n/a,150,3000,20,2000,404.6944557,0.345939686,0,0
36,100,300,25000,Akpuri,20.18097,78.27017,3,3,5,5,1,2,0,3,110000,12,0,0,0,700,2,566.572238,5,25,20000,1,0,0,3,5,5,250000,FALSE,TRUE,FALSE,FALSE,n/a,FALSE,TRUE,FALSE,TRUE,TRUE,FALSE,TRUE,FALSE,Cow dung,1000,350000,350,20000,1618.777823,0.345939686,0,0
37,100,300,25000,Ganeshpur,20.20786,78.26049,3,3,3,3,0,2,0,2,40000,15,0,0,0,730,2,590.8539053,6,18,5000,0,0,0,1,0,0,2000,FALSE,TRUE,FALSE,FALSE,n/a,FALSE,FALSE,TRUE,TRUE,TRUE,FALSE,TRUE,FALSE,Cow dung,400,6000,15,4000,539.5926076,0.345939686,0,0
38,100,300,25000,Ganeshpur,20.20786,78.26049,4,1,3,3,1,0,0,1,70000,15,0,0,0,730,2,590.8539053,4,12,5000,0,0,0,3,0,0,0,n/a,n/a,n/a,n/a,n/a,TRUE,FALSE,FALSE,FALSE,TRUE,TRUE,TRUE,FALSE,Cow dung,250,6000,24,10000,1348.981519,0.345939686,0,0
39,100,300,25000,Bodhgavhan,20.34828,78.1571,3,3,3,2,2,0,1,3,0,0,0,0,0,900,2,728.4500202,3,6,5000,1,0,0,1,2,2,2000,FALSE,FALSE,TRUE,FALSE,n/a,TRUE,TRUE,FALSE,TRUE,FALSE,FALSE,TRUE,FALSE,n/a,200,2000,10,2000,404.6944557,0.345939686,0,0
40,100,300,25000,Mowada (M),20.13656,78.4031,1,1,5,4,0,0,1,1,0,n/a,0,0,0,710,2,574.6661271,5,20,5200,1,0,0,2,4,4,10000,FALSE,TRUE,TRUE,FALSE,n/a,TRUE,TRUE,FALSE,TRUE,TRUE,FALSE,TRUE,FALSE,n/a,100,2200,22,1200,121.4083367,0.345939686,0,0
41,100,300,25000,Hiwardhara,20.12114,78.4148,5,1,5,5,2,2,0,4,n/a,n/a,0,50000,50000,730,1,295.4269527,5.5,27.5,4750,1,0,1,30,5,3,0,FALSE,TRUE,TRUE,FALSE,n/a,TRUE,TRUE,FALSE,FALSE,TRUE,TRUE,TRUE,FALSE,n/a,200,4000,20,3000,242.8166734,0.345939686,0,0
42,100,300,25000,Choramba,20.13355,78.34381,2,2,3,3,0,0,2,2,35000,13,0,0,0,750,1.2,364.2250101,8.5,25.5,4500,1,0,0,3,3,2,4000,FALSE,FALSE,TRUE,FALSE,n/a,FALSE,TRUE,FALSE,TRUE,TRUE,FALSE,TRUE,FALSE,n/a,150,2500,16.66666667,900,121.4083367,0.345939686,0,0
43,100,300,25000,Karmana,20.17063,78.31546,2,1,6,4,0,2,0,2,n/a,n/a,0,200000,200000,700,1.5,424.9291785,8,32,4500,0,0,0,2,4,5,6000,FALSE,TRUE,FALSE,FALSE,n/a,TRUE,TRUE,FALSE,TRUE,FALSE,FALSE,TRUE,FALSE,n/a,150,3500,23.33333333,2000,202.3472278,0.345939686,0,0
44,100,300,25000,Mowada (M),20.13656,78.4031,4,1,3,3,0,2,0,2,45000,0,35000,0,35000,720,2,582.7600162,7.5,22.5,5000,1,0,0,3,3,2,5000,FALSE,TRUE,TRUE,FALSE,n/a,TRUE,TRUE,FALSE,FALSE,TRUE,FALSE,TRUE,FALSE,n/a,300,4000,13.33333333,2000,269.7963038,0.345939686,0,0
45,100,300,25000,Hiwardhara,20.12114,78.4148,6,2,4.5,4.5,3,4,0,7,100000,0,0,0,0,730,1.5,443.140429,7,31.5,5000,1,0,0,2,4.5,2,0,FALSE,TRUE,TRUE,FALSE,n/a,TRUE,TRUE,FALSE,FALSE,TRUE,FALSE,TRUE,FALSE,n/a,150,2500,16.66666667,1000,89.93210126,0.345939686,0,0
46,100,300,25000,Choramba,20.13355,78.34381,4,1,8,5,0,0,0,0,45000,6,0,20000,20000,750,2,607.0416835,4.5,22.5,4500,0,0,0,1,0,0,0,n/a,n/a,n/a,n/a,n/a,TRUE,TRUE,FALSE,TRUE,TRUE,TRUE,TRUE,FALSE,n/a,100,2000,20,1200,97.12666936,0.345939686,0,0
47,100,300,25000,Mowada (M),20.13656,78.4031,7,5,35,21,2,8,0,10,700000,4,350000,0,350000,710,1.5,430.9995953,7,147,5400,1,0,1,3,18,5,1200000,FALSE,TRUE,TRUE,FALSE,n/a,TRUE,TRUE,FALSE,TRUE,TRUE,FALSE,TRUE,FALSE,n/a,150,4200,28,2000,38.54232911,0.345939686,0,0
48,100,300,25000,Hiwardhara,20.12114,78.4148,3,1,5,5,0,0,0,0,n/a,n/a,0,0,0,730,1,295.4269527,5.5,27.5,5000,1,0,0,1,5,3,9,FALSE,TRUE,TRUE,FALSE,n/a,TRUE,TRUE,FALSE,FALSE,TRUE,TRUE,TRUE,FALSE,n/a,200,4000,20,3000,242.8166734,0.345939686,0,0
49,100,300,25000,Choramba,20.13355,78.34381,3,2,4,4,0,0,0,0,24000,6,0,0,0,750,1.5,455.2812626,5,20,4500,1,0,0,1,2,3,2400,FALSE,FALSE,TRUE,FALSE,n/a,FALSE,TRUE,FALSE,TRUE,FALSE,FALSE,TRUE,FALSE,n/a,100,3000,30,1500,151.7604209,0.345939686,0,0
50,100,300,25000,Karmana,20.17063,78.31546,3,1,5,3.5,0,0,0,0,70000,12,0,0,0,760,1.5,461.3516795,6.5,22.75,6000,1,1,0,4,3.5,3,10000,FALSE,TRUE,TRUE,FALSE,n/a,FALSE,TRUE,TRUE,TRUE,TRUE,FALSE,TRUE,FALSE,n/a,100,2800,28,2000,231.2539747,0.345939686,0,0
51,100,300,25000,Mowada (M),20.13656,78.4031,4,2,3,3,2,2,0,4,30000,4,15000,30000,45000,720,1.5,437.0700121,6,18,5000,0,0,0,2,0,0,0,n/a,n/a,n/a,n/a,n/a,FALSE,TRUE,TRUE,FALSE,TRUE,FALSE,TRUE,FALSE,n/a,300,5000,16.66666667,4000,539.5926076,0.345939686,0,0
52,100,300,25000,Hiwardhara,20.12114,78.4148,4,1,4.5,2,0,2,0,2,n/a,n/a,0,0,0,730,1.5,443.140429,6,12,5000,1,0,0,2,2,2,0,FALSE,TRUE,TRUE,FALSE,n/a,FALSE,TRUE,TRUE,FALSE,TRUE,TRUE,TRUE,FALSE,n/a,250,2500,10,1000,202.3472278,0.345939686,0,0
53,100,300,25000,Choramba,20.13355,78.34381,4,3,4.5,4.5,1,2,0,3,52000,6,60000,20000,80000,700,2,566.572238,4.5,20.25,4500,0,0,0,1.5,0,0,0,n/a,n/a,n/a,n/a,n/a,TRUE,TRUE,FALSE,TRUE,FALSE,FALSE,TRUE,FALSE,n/a,60,1500,25,1500,134.8981519,0.345939686,0,0
54,100,300,25000,Karmana,20.17063,78.31546,3,1,5,2.5,0,2,0,2,80000,12,0,0,0,700,1.5,424.9291785,6.5,16.25,5500,1,0,1,6,2.5,3,7000,FALSE,TRUE,TRUE,FALSE,n/a,TRUE,TRUE,TRUE,TRUE,TRUE,TRUE,TRUE,FALSE,n/a,150,2000,13.33333333,3000,485.6333468,0.345939686,0,0
55,100,300,25000,Mowada (M),20.13656,78.4031,4,2,25,20,2,2,0,4,400000,4,0,0,0,740,1.5,449.2108458,6.5,130,6000,1,0,0,1.5,20,4,65000,FALSE,TRUE,TRUE,FALSE,n/a,TRUE,TRUE,FALSE,TRUE,TRUE,FALSE,TRUE,FALSE,n/a,150,4200,28,1000,20.23472278,0.345939686,0,0
56,100,300,25000,Hiwardhara,20.12114,78.4148,4,1,5,4,0,0,0,0,99000,7,0,0,0,730,1,295.4269527,7,28,5500,1,0,0,30,4,3,3000,FALSE,TRUE,TRUE,FALSE,n/a,TRUE,TRUE,FALSE,FALSE,TRUE,TRUE,TRUE,FALSE,n/a,150,2950,19.66666667,3000,303.5208418,0.345939686,0,0
57,100,300,25000,Choramba,20.13355,78.34381,3,0,12,8,0,0,3,3,80000,13,0,0,0,750,1,303.5208418,4,32,4500,0,0,1,4,0,n/a,n/a,n/a,n/a,n/a,n/a,n/a,FALSE,TRUE,FALSE,TRUE,TRUE,FALSE,TRUE,FALSE,n/a,150,2500,16.66666667,900,45.52812626,0.345939686,0,0
58,100,300,25000,Karmana,20.17063,78.31546,4,1,10,5,3,3,0,6,50000,12,0,0,0,730,2,590.8539053,6.5,32.5,5400,0,0,0,1.5,5,4,10000,FALSE,TRUE,TRUE,FALSE,n/a,TRUE,TRUE,TRUE,TRUE,TRUE,FALSE,TRUE,FALSE,n/a,210,5600,26.66666667,2500,202.3472278,0.345939686,0,0
59,100,300,25000,Karmana,20.17063,78.31546,4,0,3.5,2,0,0,0,0,60000,0,36000,0,36000,710,1.5,430.9995953,7,14,5200,1,0,0,15,2,3,3000,FALSE,TRUE,TRUE,FALSE,n/a,TRUE,FALSE,FALSE,TRUE,TRUE,TRUE,TRUE,FALSE,n/a,200,4000,20,1500,303.5208418,0.345939686,0,0
60,100,300,25000,Kumbhari,20.13102,78.26342,4,1,8,4,1,2,0,3,130000,0,0,0,0,750,1.5,455.2812626,6,24,5000,1,0,0,2,0,0,n/a,FALSE,TRUE,TRUE,FALSE,n/a,FALSE,TRUE,TRUE,FALSE,TRUE,FALSE,TRUE,FALSE,n/a,200,4000,20,4000,404.6944557,0.345939686,0,0
61,100,300,25000,Kumbhari,20.13102,78.26342,3,0,3,3,0,0,0,0,72000,0,0,200000,200000,750,1.5,455.2812626,4,12,5000,0,0,0,1.5,0,n/a,n/a,n/a,n/a,n/a,n/a,n/a,FALSE,TRUE,TRUE,FALSE,TRUE,TRUE,TRUE,FALSE,n/a,150,4000,26.66666667,3500,472.1435316,0.345939686,0,0
62,100,300,25000,Undarani,20.11891,78.20717,4,1,3,3,0,0,0,0,38000,4,6000,6000,12000,710,1.5,430.9995953,9,27,5000,1,0,0,1.5,3,1,n/a,FALSE,TRUE,TRUE,FALSE,n/a,FALSE,TRUE,TRUE,FALSE,TRUE,FALSE,TRUE,FALSE,n/a,200,4500,22.5,1500,202.3472278,0.345939686,0,0
63,100,300,25000,Undarani,20.05409,78.22246,5,3,4,4,0,2,2,4,25000,0,20000,5000,25000,730,1.5,443.140429,5,20,5000,0,0,0,2,0,n/a,n/a,n/a,n/a,n/a,n/a,n/a,TRUE,TRUE,TRUE,TRUE,TRUE,TRUE,TRUE,FALSE,n/a,200,3500,17.5,2000,202.3472278,0.345939686,0,0
64,100,300,25000,Ghoti,20.01686,78.20444,3,1,5,5,1,0,0,1,n/a,n/a,15000,0,15000,730,1.5,443.140429,7,35,5500,0,0,0,4,0,0,n/a,n/a,n/a,n/a,n/a,n/a,TRUE,FALSE,TRUE,FALSE,TRUE,FALSE,TRUE,FALSE,n/a,200,4000,20,1000,80.93889114,0.345939686,0,0
65,100,300,25000,Kumbhari,20.13102,78.26342,5,3,4,4,3,2,10,15,48000,14,30000,110000,140000,800,3,971.2666936,4.5,18,5000,1,0,0,1,2,3,10000,FALSE,TRUE,FALSE,FALSE,n/a,TRUE,TRUE,TRUE,TRUE,TRUE,FALSE,TRUE,FALSE,n/a,300,11000,36.66666667,17000,1719.951437,0.345939686,0,0
66,100,300,25000,Kumbhari,20.13102,78.26342,4,3,3,3,1,2,0,3,56000,14,0,70000,70000,800,2,647.5111291,5,15,5000,0,0,0,2,0,n/a,n/a,n/a,n/a,n/a,n/a,n/a,TRUE,FALSE,TRUE,TRUE,TRUE,FALSE,TRUE,FALSE,n/a,300,10000,33.33333333,7000,944.2870633,0.345939686,0,0
67,100,300,25000,Tiwsala,20.11891,78.20717,2,1,4,2,3,2,0,5,80000,12,90000,20000,110000,730,2,590.8539053,6,12,5000,1,0,1,10,2,5,20000,TRUE,FALSE,FALSE,FALSE,n/a,TRUE,TRUE,TRUE,TRUE,TRUE,TRUE,TRUE,FALSE,n/a,200,4500,22.5,2000,404.6944557,0.345939686,0,0
68,100,300,25000,Undarani,20.05409,78.22246,4,2,10,8,1,2,0,3,35000,4,15000,0,15000,730,1.5,443.140429,4.5,36,5000,0,0,0,1.5,0,n/a,n/a,n/a,n/a,n/a,n/a,n/a,TRUE,TRUE,TRUE,FALSE,TRUE,TRUE,TRUE,FALSE,n/a,100,2000,20,700,35.41076487,0.345939686,0,0
69,100,300,25000,Ghoti,20.01686,78.20444,4,2,10,10,0,2,0,2,65000,4,0,0,0,730,1.5,443.140429,4,40,5500,0,0,0,4,0,n/a,n/a,n/a,n/a,n/a,n/a,n/a,TRUE,FALSE,TRUE,FALSE,TRUE,FALSE,TRUE,FALSE,n/a,200,4000,20,1500,60.70416835,0.345939686,0,0
70,100,300,25000,Kumbhari,20.13102,78.26342,3,2,2,2,0,0,5,5,0,n/a,36000,60000,96000,730,2,590.8539053,5,10,5000,1,0,0,2,2,3,40003,FALSE,TRUE,FALSE,FALSE,n/a,TRUE,FALSE,FALSE,TRUE,TRUE,TRUE,TRUE,FALSE,n/a,150,2500,16.66666667,5000,1011.736139,0.345939686,0,0
71,100,300,25000,Kumbhari,20.13102,78.26342,3,0,4,3.5,0,0,0,0,125000,18,0,0,0,730,2,590.8539053,3,10.5,5000,0,0,0,2,0,n/a,n/a,n/a,n/a,n/a,n/a,n/a,FALSE,TRUE,TRUE,TRUE,FALSE,FALSE,TRUE,FALSE,n/a,150,2500,16.66666667,3000,346.880962,0.345939686,0,0
72,100,300,25000,Tiwsala,20.11891,78.20717,4,1,5,5,5,6,0,11,87000,0,0,0,0,710,1.5,430.9995953,5,25,5000,1,0,0,0.5,5,2,0,FALSE,FALSE,TRUE,FALSE,n/a,TRUE,FALSE,FALSE,FALSE,TRUE,FALSE,TRUE,FALSE,n/a,150,3400,22.66666667,1000,80.93889114,0.345939686,0,0
73,100,300,25000,Undarani,20.05409,78.22246,5,3,5,4,1,2,0,3,33000,4,0,0,0,720,2,582.7600162,4,16,5100,1,0,0,2,3,3.5,19000,FALSE,FALSE,TRUE,FALSE,n/a,TRUE,FALSE,FALSE,TRUE,TRUE,FALSE,TRUE,FALSE,n/a,150,3000,20,2000,202.3472278,0.345939686,0,0
74,100,300,25000,Ghoti,20.01686,78.20444,1,1,3,2.5,0,0,0,0,n/a,n/a,20000,0,20000,720,2,582.7600162,6,15,5500,0,0,0,10,0,0,n/a,n/a,n/a,n/a,n/a,n/a,FALSE,TRUE,TRUE,FALSE,TRUE,FALSE,TRUE,FALSE,n/a,200,3266,16.33,1500,242.8166734,0.345939686,0,0
75,100,300,25000,Kumbhari,20.13102,78.26342,4,2,3,3,2,2,3,7,60000,6,0,0,0,730,2,590.8539053,5,15,5000,0,0,0,2,0,0,n/a,n/a,n/a,n/a,n/a,n/a,TRUE,FALSE,FALSE,TRUE,TRUE,TRUE,TRUE,FALSE,n/a,150,3000,20,5000,674.4907595,0.345939686,0,0
76,100,300,25000,Tiwsala,20.11891,78.20717,4,1,5,3,0,2,0,2,80000,0,20000,0,20000,730,2,590.8539053,4,12,5000,1,0,0,5,3,2,12000,FALSE,TRUE,FALSE,FALSE,n/a,FALSE,TRUE,TRUE,TRUE,TRUE,FALSE,TRUE,FALSE,n/a,200,4500,22.5,2000,269.7963038,0.345939686,0,0
77,100,300,25000,Undarani,20.05409,78.22246,1,1,2.5,2.5,0,0,0,0,n/a,n/a,0,0,0,730,2,590.8539053,4,10,5000,0,0,1,1,1,2,8000,FALSE,FALSE,FALSE,TRUE,n/a,FALSE,TRUE,FALSE,TRUE,TRUE,FALSE,TRUE,FALSE,n/a,200,2000,10,2000,323.7555645,0.345939686,0,0
78,100,300,25000,Ghoti,20.01686,78.20444,2,4,3,2.5,0,2,0,2,0,0,0,0,0,720,2,582.7600162,7,17.5,5500,0,0,0,10,0,0,n/a,n/a,n/a,n/a,n/a,n/a,FALSE,FALSE,TRUE,TRUE,TRUE,FALSE,TRUE,FALSE,n/a,250,4300,17.2,2000,323.7555645,0.345939686,0,0
79,100,300,25000,Kumbhari,20.13102,78.26342,3,0,8,6,0,0,0,0,150000,6,0,n/a,0,730,2,590.8539053,5,30,4500,0,1,0,1,4,3,25000,FALSE,TRUE,FALSE,FALSE,n/a,FALSE,TRUE,FALSE,FALSE,TRUE,TRUE,TRUE,FALSE,n/a,200,4000,20,3000,202.3472278,0.345939686,0,0
80,100,300,25000,Tiwsala,20.11891,78.20717,3,2,5,5,0,0,0,0,29000,6,0,0,0,730,2,590.8539053,5.5,27.5,5000,0,0,0,1.5,2,3,0,FALSE,FALSE,TRUE,FALSE,n/a,FALSE,FALSE,FALSE,FALSE,TRUE,FALSE,TRUE,FALSE,n/a,150,2500,16.66666667,1000,80.93889114,0.345939686,0,0
81,100,300,25000,Undarani,20.05409,78.22246,2,2,6,6,0,0,0,0,n/a,n/a,0,0,0,730,2,590.8539053,3,18,5000,1,0,0,1,3,2,10000,FALSE,FALSE,TRUE,FALSE,n/a,FALSE,FALSE,TRUE,FALSE,TRUE,FALSE,TRUE,FALSE,n/a,150,2500,16.66666667,2000,134.8981519,0.345939686,0,0
82,100,300,25000,Ghoti,20.01686,78.20444,6,5,5,5,1,4,0,5,45000,1,0,0,0,700,2,566.572238,19,95,4500,1,0,0,11,5,4,30000,FALSE,TRUE,TRUE,FALSE,n/a,TRUE,TRUE,FALSE,FALSE,TRUE,TRUE,FALSE,FALSE,n/a,150,2300,15.33333333,2000,161.8777823,0.345939686,0,0
83,100,300,25000,Undarani,20.05409,78.22246,4,2,3,3,2,2,7,11,0,n/a,10000,10000,20000,720,2,582.7600162,5.5,16.5,4500,1,0,1,1,3,2,500,FALSE,TRUE,TRUE,FALSE,n/a,TRUE,FALSE,FALSE,FALSE,TRUE,FALSE,TRUE,FALSE,n/a,100,1500,15,1500,202.3472278,0.345939686,0,0
84,100,300,25000,Wasari,20.09258,78.37,2,1,6,4,3,2,0,5,75000,12,0,0,0,720,2,582.7600162,4.5,18,4500,0,0,0,1,n/a,n/a,n/a,n/a,n/a,n/a,n/a,n/a,TRUE,TRUE,TRUE,TRUE,TRUE,FALSE,FALSE,FALSE,n/a,200,3300,16.5,2500,252.9340348,0.345939686,0,0
85,100,300,25000,Madva,20.08031,78.39483,4,1,10,5,1,2,0,3,150000,12,0,0,0,730,2,590.8539053,2.5,12.5,4500,0,0,0,2,0,n/a,n/a,n/a,n/a,n/a,n/a,n/a,TRUE,FALSE,TRUE,FALSE,TRUE,FALSE,TRUE,FALSE,n/a,150,2300,15.33333333,1000,80.93889114,0.345939686,0,0
86,100,300,25000,Rajegaon,20.05779,78.43616,9,4,5,5,3,2,0,5,150000,12,18000,0,18000,730,2,590.8539053,2.5,12.5,5700,0,0,0,5,0,n/a,n/a,n/a,n/a,n/a,n/a,n/a,TRUE,TRUE,TRUE,FALSE,TRUE,FALSE,TRUE,FALSE,n/a,300,5300,17.66666667,1000,80.93889114,0.345939686,0,0
87,100,300,25000,Wasari,20.09258,78.37,4,1,5,5,2,2,2,6,52000,12,0,0,0,720,2,582.7600162,5,25,5000,1,0,0,5,1,1,7000,FALSE,FALSE,TRUE,FALSE,n/a,TRUE,TRUE,TRUE,TRUE,TRUE,FALSE,TRUE,FALSE,n/a,150,2300,15.33333333,2000,161.8777823,0.345939686,0,0
88,100,300,25000,Mandwa,20.08031,78.39483,4,1,4,3,3,2,0,5,n/a,n/a,0,0,0,720,1.5,437.0700121,3.5,10.5,5000,0,0,0,4,0,0,n/a,n/a,n/a,n/a,n/a,n/a,TRUE,TRUE,FALSE,TRUE,FALSE,TRUE,TRUE,FALSE,n/a,100,2500,25,1000,134.8981519,0.345939686,0,0
89,100,300,25000,Rajegaon,20.05779,78.43616,7,2,9,9,8,2,0,10,198000,12,18000,0,18000,730,2,590.8539053,2.5,22.5,5000,0,0,0,5,0,n/a,n/a,n/a,n/a,n/a,n/a,n/a,TRUE,TRUE,TRUE,FALSE,TRUE,FALSE,TRUE,FALSE,n/a,300,5300,17.66666667,1000,44.96605063,0.345939686,0,0
90,100,300,25000,Kumbhari,20.13102,78.26342,4,1,3,3,2,2,0,4,130000,0,0,60000,60000,730,1.5,443.140429,5,15,5000,1,0,1,2,3,2,4000,TRUE,TRUE,FALSE,FALSE,n/a,TRUE,FALSE,FALSE,TRUE,TRUE,TRUE,TRUE,FALSE,n/a,150,2500,16.66666667,5000,674.4907595,0.345939686,0,0
91,100,300,25000,Kumbhari,20.13102,78.26342,3,1,3,3,0,0,0,0,30000,0,36000,0,36000,730,2,590.8539053,5,15,5000,1,0,0,0.5,3,2,5000,FALSE,FALSE,TRUE,FALSE,n/a,FALSE,TRUE,FALSE,TRUE,TRUE,TRUE,TRUE,FALSE,n/a,150,3000,20,2000,269.7963038,0.345939686,0,0
92,100,300,25000,Tiwsala,20.11891,78.20717,3,2,10,10,0,0,0,0,120000,0,0,0,0,680,1.5,412.7883448,4,40,5000,1,0,0,1.5,5,1,0,FALSE,TRUE,FALSE,FALSE,n/a,TRUE,FALSE,FALSE,FALSE,TRUE,FALSE,TRUE,FALSE,n/a,150,2500,16.66666667,1000,40.46944557,0.345939686,0,0
93,100,300,25000,Undarani,20.05409,78.22246,4,3,3,3,2,2,0,4,23000,4,0,0,0,720,2,582.7600162,5,15,5700,1,0,0,1,3,4,0,FALSE,TRUE,TRUE,FALSE,n/a,TRUE,FALSE,FALSE,TRUE,TRUE,FALSE,TRUE,FALSE,n/a,150,2500,16.66666667,1500,202.3472278,0.345939686,0,0
94,100,300,25000,Ghoti,20.01686,78.20444,4,4,3,3,1,0,0,1,n/a,n/a,0,60000,60000,700,2,566.572238,7,21,4500,0,0,0,1,0,0,0,n/a,n/a,n/a,n/a,n/a,TRUE,FALSE,FALSE,FALSE,TRUE,FALSE,TRUE,FALSE,n/a,100,2000,20,2000,269.7963038,0.345939686,0,0
95,100,300,25000,Wasari,20.09258,78.37,2,1,5,5,0,2,0,2,60000,7,0,0,0,730,1.5,443.140429,6,30,5500,0,0,0,5,0,0,n/a,n/a,n/a,n/a,n/a,n/a,TRUE,FALSE,FALSE,FALSE,TRUE,TRUE,TRUE,FALSE,n/a,200,3000,15,700,56.6572238,0.345939686,0,0
96,100,300,25000,Mandwa,20.08031,78.39483,4,2,6,4.5,2,0,0,2,70000,3,0,0,0,730,1,295.4269527,6.5,29.25,4900,1,0,0,5,4.5,2,6000,FALSE,TRUE,TRUE,FALSE,n/a,TRUE,TRUE,FALSE,FALSE,TRUE,TRUE,TRUE,FALSE,n/a,150,3500,23.33333333,1500,134.8981519,0.345939686,0,0
97,100,300,25000,Rajegaon,20.05779,78.43616,4,3,10,10,2,2,0,4,200000,4,0,0,0,700,1.5,424.9291785,2.5,25,5000,0,0,0,5,0,n/a,n/a,n/a,n/a,n/a,n/a,n/a,TRUE,TRUE,FALSE,TRUE,TRUE,TRUE,TRUE,FALSE,n/a,300,4500,15,1000,40.46944557,0.345939686,0,0
98,100,300,25000,Wasari,20.09258,78.37,3,1,5,5,0,0,0,0,100000,7,0,0,0,720,1,291.3800081,6,30,5000,0,0,0,4,0,0,0,n/a,n/a,n/a,n/a,n/a,TRUE,FALSE,FALSE,FALSE,TRUE,FALSE,TRUE,FALSE,n/a,200,3500,17.5,700,56.6572238,0.345939686,0,0
99,100,300,25000,Mandwa,20.08031,78.39483,5,1,5,3,6,4,0,10,170000,8,25000,0,25000,720,1.5,437.0700121,4.5,13.5,5000,1,0,0,5,2,2,18000,FALSE,TRUE,FALSE,FALSE,n/a,TRUE,TRUE,TRUE,TRUE,TRUE,TRUE,TRUE,FALSE,n/a,150,3000,20,2000,269.7963038,0.345939686,0,0
100,100,300,25000,Rajegaon,20.05779,78.43616,1,1,4,4,0,0,0,0,45000,12,0,0,0,720,1.5,437.0700121,2.5,10,5000,1,0,0,n/a,0,n/a,1000,n/a,n/a,n/a,n/a,n/a,FALSE,FALSE,FALSE,FALSE,TRUE,FALSE,TRUE,FALSE,n/a,100,2500,25,1000,101.1736139,0.345939686,0,0
101,100,300,25000,Wasari,20.09258,78.37,5,4,5,4,2,2,0,4,0,6,0,90000,90000,750,2,607.0416835,5,20,4500,1,0,0,5,2,2,4000,FALSE,FALSE,TRUE,FALSE,n/a,FALSE,TRUE,TRUE,TRUE,FALSE,FALSE,TRUE,FALSE,n/a,100,3600,36,2500,252.9340348,0.345939686,0,0
102,100,300,25000,Mandwa,20.08031,78.39483,4,4,5,5,3,2,0,5,65000,3,0,0,0,750,1,303.5208418,5.5,27.5,5400,1,1,0,5,4,3.5,6000,FALSE,FALSE,TRUE,FALSE,n/a,TRUE,TRUE,FALSE,FALSE,TRUE,TRUE,TRUE,FALSE,n/a,150,1800,12,1000,80.93889114,0.345939686,0,0
103,100,300,25000,Mandwa,20.08031,78.39483,1,1,8,7,2,2,0,4,25000,12,0,0,0,730,2,590.8539053,2.5,17.5,4500,0,0,0,1,0,n/a,n/a,n/a,n/a,n/a,n/a,n/a,TRUE,FALSE,FALSE,FALSE,TRUE,TRUE,TRUE,FALSE,n/a,50,1000,20,2500,144.5337342,0.345939686,0,0
104,100,300,25000,Rajegaon,20.05779,78.43616,4,2,6,6,2,2,0,4,120000,12,0,0,0,720,1.5,437.0700121,6,36,5200,0,0,0,n/a,0,n/a,0,n/a,n/a,n/a,n/a,n/a,FALSE,FALSE,FALSE,FALSE,TRUE,TRUE,TRUE,FALSE,n/a,100,2500,25,1000,67.44907595,0.345939686,0,0
105,100,300,25000,Mandwa,20.08031,78.39483,6,2,12,10,1,2,0,3,150000,12,0,0,0,730,2,590.8539053,2.5,25,5000,1,0,1,1.5,2,2,1700,FALSE,FALSE,TRUE,FALSE,n/a,TRUE,FALSE,TRUE,FALSE,TRUE,FALSE,TRUE,FALSE,n/a,200,3300,16.5,2000,80.93889114,0.345939686,0,0
106,100,300,25000,Kurha,20.941196,78.054394,3,2,4,1.5,2,1,0,3,50000,0,0,36000,36000,730,3,886.280858,6,9,4500,1,0,0,5,1.5,3,0,FALSE,TRUE,TRUE,FALSE,n/a,TRUE,TRUE,FALSE,TRUE,TRUE,TRUE,TRUE,FALSE,n/a,300,4000,13.33333333,6000,1618.777823,0.345939686,0,0
107,100,300,25000,Antargaon,20.04201,77.99509,3,1,8,5,1,2,0,3,40000,4,10000,n/a,10000,700,2,566.572238,7,35,4300,1,0,1,20,5,3,8000,FALSE,TRUE,FALSE,FALSE,n/a,TRUE,TRUE,FALSE,TRUE,TRUE,TRUE,TRUE,FALSE,n/a,150,4000,26.66666667,2000,161.8777823,0.345939686,0,0
108,100,300,25000,Kelzara,20.04067,78.01413,3,3,4,4,0,0,0,0,50000,4,0,0,0,700,2.5,708.2152975,5,20,4700,1,0,0,5,4,1,3000,FALSE,FALSE,TRUE,FALSE,n/a,FALSE,TRUE,FALSE,TRUE,FALSE,FALSE,TRUE,FALSE,n/a,200,5000,25,2500,252.9340348,0.345939686,0,0
109,100,300,25000,Tiwsala,20.11891,78.20717,5,5,3,3,1,3,0,4,30000,0,0,0,0,710,1.5,430.9995953,5.5,16.5,5000,1,0,0,6,3,3,0,FALSE,TRUE,TRUE,FALSE,n/a,TRUE,FALSE,FALSE,FALSE,TRUE,FALSE,TRUE,FALSE,n/a,150,3000,20,1000,134.8981519,0.345939686,0,0
110,100,300,25000,Undarani,20.05409,78.22246,4,2,17,12,2,4,0,6,60000,4,0,0,0,720,2,582.7600162,5,60,5400,1,1,1,2,6,3.5,1600,FALSE,TRUE,TRUE,FALSE,n/a,TRUE,FALSE,FALSE,TRUE,TRUE,FALSE,TRUE,FALSE,n/a,150,2500,16.66666667,1000,33.72453797,0.345939686,0,0
111,100,300,25000,Ghoti,20.01686,78.20444,4,2,5,5,4,4,0,8,38000,1,0,0,0,700,2,566.572238,14,70,4500,1,0,0,15,5,5,2000,FALSE,TRUE,TRUE,FALSE,n/a,TRUE,FALSE,FALSE,FALSE,TRUE,FALSE,TRUE,FALSE,n/a,100,2000,20,2000,161.8777823,0.345939686,0,0
112,100,300,25000,Wasari,20.09258,78.37,3,1,5,5,0,2,0,2,100000,7,0,0,0,730,1.5,443.140429,5,25,5000,0,1,0,5.5,0,n/a,n/a,n/a,n/a,n/a,n/a,n/a,TRUE,TRUE,FALSE,FALSE,TRUE,FALSE,TRUE,FALSE,n/a,200,3500,17.5,1200,97.12666936,0.345939686,0,0
113,100,300,25000,Wasari,20.09258,78.37,3,3,3,2,3,2,0,5,55000,6,30000,10000,40000,720,1.5,437.0700121,5,10,5400,1,0,0,4,2,2,8000,FALSE,TRUE,FALSE,FALSE,n/a,TRUE,TRUE,FALSE,FALSE,TRUE,TRUE,TRUE,FALSE,n/a,100,1600,16,1000,202.3472278,0.345939686,0,0
114,100,300,25000,Mandwa,20.08031,78.39483,2,1,4,3.5,1,2,0,3,0,n/a,0,0,0,730,1,295.4269527,7,24.5,5600,1,0,0,3,3.5,3.5,6000,FALSE,TRUE,TRUE,FALSE,n/a,TRUE,TRUE,FALSE,FALSE,TRUE,TRUE,TRUE,FALSE,n/a,150,1800,12,1200,138.7523848,0.345939686,0,0
115,100,300,25000,Mandwa,20.08031,78.39483,1,1,7,5,1,2,0,3,40000,12,0,0,0,730,2,590.8539053,2.5,12.5,4500,0,0,1,5,0,0,n/a,n/a,n/a,n/a,n/a,n/a,TRUE,FALSE,FALSE,TRUE,TRUE,TRUE,TRUE,FALSE,n/a,50,1000,20,2500,202.3472278,0.345939686,0,0
116,100,300,25000,Kurha,20.941196,78.054394,5,5,6,3,2,3,2,7,150000,12,0,0,0,750,3,910.5625253,5,15,4200,1,0,0,3,3,3,n/a,FALSE,FALSE,TRUE,FALSE,n/a,FALSE,FALSE,FALSE,TRUE,TRUE,FALSE,TRUE,FALSE,n/a,1500,2500,1.666666667,2000,269.7963038,0.345939686,0,0
117,100,300,25000,Antargaon,20.04201,77.99509,3,1,4,4,2,2,0,4,100000,12,0,0,0,800,2,647.5111291,7,28,4200,0,0,0,1.5,0,0,n/a,FALSE,TRUE,TRUE,FALSE,n/a,TRUE,TRUE,FALSE,FALSE,TRUE,FALSE,TRUE,FALSE,n/a,150,4200,28,7000,708.2152975,0.345939686,0,0
118,100,300,25000,Kelzara,20.04067,78.01413,5,2,3,3,0,2,0,2,21000,12,0,0,0,730,2,590.8539053,7,21,5000,1,0,0,5.5,3,2,n/a,FALSE,FALSE,TRUE,FALSE,n/a,TRUE,TRUE,FALSE,TRUE,TRUE,FALSE,TRUE,FALSE,n/a,200,4000,20,2500,337.2453797,0.345939686,0,0
119,100,300,25000,Antargaon,20.04201,77.99509,5,1,1,4,2,4,0,6,400000,12,0,0,0,800,2,647.5111291,5,20,4000,0,0,0,15,2,3,28000,FALSE,TRUE,TRUE,FALSE,n/a,TRUE,TRUE,FALSE,TRUE,FALSE,FALSE,FALSE,FALSE,n/a,150,4200,28,7000,708.2152975,0.345939686,0,0
120,100,300,25000,Kelzara,20.04067,78.01413,4,1,5,5,0,2,0,2,25000,12,0,0,0,730,2,590.8539053,7,35,5000,0,0,0,3,0,0,0,n/a,n/a,n/a,n/a,n/a,FALSE,TRUE,FALSE,FALSE,TRUE,FALSE,TRUE,FALSE,n/a,200,5000,25,2200,178.0655605,0.345939686,0,0
121,100,300,25000,Kurha,20.941196,78.054394,3,1,3,2,0,0,0,0,0,10,12000,0,12000,800,8,2590.044516,10,20,5000,1,0,0,1.5,2,3,10000,FALSE,TRUE,FALSE,FALSE,n/a,TRUE,TRUE,TRUE,TRUE,TRUE,FALSE,TRUE,FALSE,n/a,2,5000,2500,3000,607.0416835,0.345939686,0,0
122,100,300,25000,Antargaon,20.04201,77.99509,5,1,7,5,2,0,0,2,0,13,0,0,0,720,3,874.1400243,5,25,5000,0,0,0,10,2,2,n/a,FALSE,FALSE,TRUE,FALSE,n/a,TRUE,TRUE,FALSE,TRUE,TRUE,FALSE,TRUE,FALSE,n/a,150,4500,30,4000,323.7555645,0.345939686,0,0
123,100,300,25000,Kelzara,20.04067,78.01413,2,1,3,2.5,0,0,0,0,22000,7,0,0,0,700,2,566.572238,5,12.5,5000,0,0,0,3,0,0,0,n/a,n/a,n/a,n/a,n/a,TRUE,TRUE,TRUE,TRUE,TRUE,FALSE,TRUE,FALSE,n/a,75,8000,106.6666667,3000,485.6333468,0.345939686,0,0
124,100,300,25000,Kelzara,20.04067,78.01413,2,2,4.5,2.5,0,0,4,4,30000,12.5,0,0,0,800,2,647.5111291,5,12.5,5000,0,0,0,2.5,0,0,0,n/a,n/a,n/a,n/a,n/a,TRUE,TRUE,TRUE,TRUE,TRUE,FALSE,TRUE,FALSE,n/a,50,2000,40,1000,161.8777823,0.345939686,0,0
125,100,300,25000,Kurha,20.941196,78.054394,3,3,6,3,1,0,0,1,100000,12,0,0,0,750,3,910.5625253,4,12,4200,1,0,0,2.5,3,3,1500,FALSE,FALSE,TRUE,FALSE,n/a,TRUE,TRUE,FALSE,TRUE,TRUE,TRUE,FALSE,FALSE,n/a,150,3500,23.33333333,4000,539.5926076,0.345939686,0,0
126,100,300,25000,Antargaon,20.04201,77.99509,5,3,15,6,1,2,1,4,300000,12,0,0,0,800,2,647.5111291,7.5,45,4200,1,0,0,4,9,3,20000,FALSE,FALSE,TRUE,FALSE,n/a,TRUE,FALSE,FALSE,FALSE,TRUE,FALSE,TRUE,FALSE,n/a,150,4200,28,7000,472.1435316,0.345939686,0,0
127,100,300,25000,Kelzara,20.04067,78.01413,6,1,4,4,2,0,0,2,68000,12,60000,70000,130000,730,2,590.8539053,7,28,5250,1,1,1,7,4,5,n/a,FALSE,FALSE,TRUE,FALSE,n/a,TRUE,FALSE,FALSE,TRUE,TRUE,FALSE,TRUE,FALSE,n/a,200,4000,20,2500,252.9340348,0.345939686,0,0
128,100,300,25000,Kelzara,20.04067,78.01413,4,2,6,6,2,2,0,4,45000,12,0,0,0,720,2,582.7600162,10,60,5000,0,0,0,5,6,4,0,FALSE,TRUE,TRUE,FALSE,n/a,TRUE,FALSE,TRUE,TRUE,TRUE,FALSE,TRUE,FALSE,n/a,150,2100,14,2000,134.8981519,0.345939686,0,0
129,100,300,25000,Antargaon,20.04201,77.99509,5,1,11,7,1,2,0,3,166000,7,0,250000,250000,700,2,566.572238,5,35,5000,1,0,0,1.5,5,3,0,FALSE,TRUE,FALSE,FALSE,n/a,TRUE,TRUE,TRUE,TRUE,TRUE,TRUE,TRUE,FALSE,n/a,50,1450,29,1000,57.81349367,0.345939686,0,0
130,100,300,25000,Antargaon,20.04201,77.99509,2,1,7,6,0,0,0,0,100000,12,0,0,0,730,2,590.8539053,5,30,5000,0,0,0,40,6,2,0,FALSE,TRUE,FALSE,FALSE,n/a,TRUE,TRUE,TRUE,TRUE,TRUE,TRUE,TRUE,FALSE,n/a,300,6000,20,2000,134.8981519,0.345939686,0,0
131,100,300,25000,Antargaon,20.04201,77.99509,6,3,2,2,1,0,0,1,25000,25,4000,9000,13000,730,2,590.8539053,8.5,17,5000,0,0,0,20,2,2,300,FALSE,TRUE,TRUE,FALSE,n/a,TRUE,TRUE,TRUE,TRUE,TRUE,FALSE,TRUE,FALSE,n/a,200,4000,20,2000,404.6944557,0.345939686,0,0
132,100,300,25000,Kelzara,20.04067,78.01413,7,51,11,8,0,2,0,2,n/a,n/a,18000,36000,54000,850,1,343.9902873,5,40,5000,1,0,0,4,8,3,3000,FALSE,TRUE,TRUE,FALSE,n/a,TRUE,TRUE,FALSE,TRUE,TRUE,FALSE,TRUE,TRUE,20 20 0,200,4000,20,2000,101.1736139,0.345939686,0,0
133,100,300,25000,Talegaon,20.67898,78.09273,2,2,2,2,0,0,0,0,51000,6,0,0,0,750,2,607.0416835,6.5,13,4800,0,0,0,30,0,n/a,n/a,n/a,n/a,n/a,n/a,n/a,FALSE,TRUE,FALSE,TRUE,TRUE,TRUE,TRUE,FALSE,n/a,150,4200,28,1000,202.3472278,0.109568011,0,0
134,100,300,25000,Devgaon,20.68238,78.15121,3,1,6,3,2,0,0,2,190000,24,0,12000,12000,730,2,590.8539053,10,30,5000,1,0,0,2,3,2,3000,FALSE,TRUE,TRUE,FALSE,n/a,TRUE,TRUE,TRUE,TRUE,TRUE,FALSE,TRUE,FALSE,n/a,100,2800,28,2000,269.7963038,0.109568011,0,0
135,100,300,25000,Jalka (Patache),20.71014,78.16522,3,2,7,3,0,0,0,0,40000,36,200000,0,200000,730,2,590.8539053,5,15,5400,1,0,0,2,3,3,15000,FALSE,FALSE,TRUE,FALSE,n/a,FALSE,TRUE,FALSE,TRUE,TRUE,TRUE,TRUE,FALSE,n/a,150,3000,20,3500,472.1435316,0.109568011,0,0
136,100,300,25000,Usalgavhan,20.69228,78.18945,5,3,11,2.5,1,2,0,3,250000,27,0,0,0,730,2,590.8539053,6.5,16.25,4600,1,0,0,6.5,2.5,2.5,0,FALSE,TRUE,TRUE,FALSE,n/a,TRUE,FALSE,FALSE,TRUE,TRUE,TRUE,TRUE,FALSE,n/a,150,2000,13.33333333,3000,485.6333468,0.109568011,0,0
137,100,300,25000,Talegaon,20.67898,78.09273,1,0,9,4,1,3,0,4,100000,6,0,0,0,750,2,607.0416835,6,24,4500,0,0,0,10,0,0,n/a,n/a,n/a,n/a,n/a,n/a,TRUE,TRUE,FALSE,TRUE,TRUE,TRUE,TRUE,FALSE,n/a,150,4200,28,1000,101.1736139,0.109568011,0,0
138,100,300,25000,Devgaon,20.68238,78.15121,3,2,4,4,0,0,0,0,12000,12,8000,12000,20000,710,2,574.6661271,8,32,5000,0,0,0,10,0,0,n/a,n/a,n/a,n/a,n/a,n/a,FALSE,FALSE,FALSE,TRUE,TRUE,TRUE,TRUE,FALSE,n/a,100,3800,38,1500,151.7604209,0.109568011,0,0
139,100,300,25000,Devgaon,20.68238,78.15121,3,1,25,15,5,0,12,17,300000,6,0,0,0,750,2,607.0416835,9.5,142.5,5000,1,1,0,3,15,3.5,20000,FALSE,TRUE,TRUE,FALSE,n/a,TRUE,TRUE,FALSE,TRUE,TRUE,TRUE,TRUE,FALSE,n/a,150,3000,20,4000,107.9185215,0.109568011,0,0
140,100,300,25000,Jalka (Patache),20.71014,78.16522,3,1,5,3,1,0,0,1,95000,36,55000,0,55000,730,2,590.8539053,6,18,5000,1,0,0,2,3,3,20000,FALSE,FALSE,TRUE,FALSE,n/a,FALSE,TRUE,FALSE,TRUE,TRUE,FALSE,TRUE,FALSE,n/a,150,3800,25.33333333,4000,539.5926076,0.109568011,0,0
141,100,300,25000,Usalgavhan,20.69228,78.18945,5,3,5,2,0,0,4,4,25000,24,0,0,0,730,2,590.8539053,5,10,5000,1,0,0,6,3,2,15000,FALSE,FALSE,TRUE,FALSE,n/a,FALSE,FALSE,FALSE,FALSE,TRUE,TRUE,TRUE,FALSE,n/a,100,1800,18,2000,404.6944557,0.109568011,0,0
142,100,300,25000,Devgaon,20.68238,78.15121,3,1,5,3,0,0,0,0,26000,6,0,0,0,720,2,582.7600162,4,12,5000,0,0,0,2,0,0,n/a,n/a,n/a,n/a,n/a,n/a,FALSE,TRUE,FALSE,TRUE,TRUE,TRUE,TRUE,FALSE,n/a,150,3000,20,4000,539.5926076,0.109568011,0,0
143,100,300,25000,Gabanipani,20.87063,78.15179,3,1,3,3,4,2,0,6,n/a,n/a,0,0,0,730,3,886.280858,9.5,28.5,5200,1,0,0,4,3,2,0,FALSE,TRUE,TRUE,FALSE,n/a,TRUE,TRUE,FALSE,FALSE,FALSE,TRUE,TRUE,FALSE,n/a,150,950,6.333333333,500,67.44907595,0.574495303,0,0
144,100,300,25000,Gavanipani,20.87063,78.15179,4,0,11,9,4,2,0,6,1500000,12,200000,40000,240000,740,2,598.9477944,8,72,5700,1,1,0,3,9,2,5000,TRUE,TRUE,TRUE,FALSE,n/a,TRUE,TRUE,FALSE,TRUE,TRUE,FALSE,TRUE,FALSE,n/a,100,2700,27,1000,44.96605063,0.574495303,0,0
145,100,300,25000,Taroda,20.84918,78.09932,3,1,5,3,5,0,1,6,100000,12,0,24000,24000,730,2,590.8539053,4,12,5000,0,0,0,1,0,n/a,n/a,n/a,n/a,n/a,n/a,n/a,TRUE,FALSE,FALSE,TRUE,FALSE,FALSE,TRUE,FALSE,n/a,100,4000,40,1000,134.8981519,0.574495303,0,0
146,100,300,25000,Jalgaon,20.83359,78.20589,3,1,4,2,0,0,0,0,70000,10,0,0,0,730,2,590.8539053,6,12,5000,0,0,0,4,0,n/a,n/a,n/a,n/a,n/a,n/a,n/a,FALSE,TRUE,TRUE,FALSE,TRUE,FALSE,TRUE,FALSE,n/a,100,2900,29,9000,1821.125051,0.574495303,0,0
147,100,300,25000,Jalgaon,20.83359,78.20589,1,0,3,2,0,0,0,0,0,n/a,0,0,0,730,2,590.8539053,5.5,11,5000,0,0,0,9,0,n/a,n/a,n/a,n/a,n/a,n/a,n/a,FALSE,TRUE,FALSE,TRUE,TRUE,FALSE,FALSE,FALSE,n/a,150,3000,20,2500,505.8680696,0.574495303,0,0
148,100,300,25000,Dabhada,20.83017,78.1565,2,0,7,7,0,2,0,2,0,n/a,0,0,0,700,2,566.572238,7.5,52.5,5400,1,0,0,1,7,4,n/a,FALSE,FALSE,TRUE,FALSE,n/a,TRUE,TRUE,TRUE,TRUE,TRUE,FALSE,TRUE,FALSE,n/a,100,2800,28,5000,289.0674683,0.574495303,0,0
149,100,300,25000,Talegaon,20.67898,78.09273,5,1,4,4,1,0,2,3,n/a,n/a,5,0,5,750,2,607.0416835,7.5,30,5570,0,0,0,5.5,0,0,0,n/a,n/a,n/a,n/a,n/a,FALSE,TRUE,FALSE,TRUE,TRUE,TRUE,TRUE,FALSE,n/a,150,4200,28,2000,202.3472278,0.574495303,0,0
150,100,300,25000,Devgaon,20.68238,78.15121,5,3,8.5,3,1,2,0,3,0,7,54000,0,54000,7500,2,6070.416835,3,9,4050,1,0,0,1,3,3,3000,FALSE,FALSE,TRUE,FALSE,n/a,FALSE,TRUE,FALSE,TRUE,FALSE,TRUE,TRUE,FALSE,n/a,100,3500,35,1200,161.8777823,0.109568011,0,0
151,100,300,25000,Jalka (Patache),20.71014,78.16522,3,1,5,2,3,2,0,5,350000,6,0,0,0,320,1,129.5022258,8,16,5000,1,0,0,1,2,3,2000,FALSE,TRUE,TRUE,FALSE,n/a,TRUE,FALSE,FALSE,FALSE,FALSE,FALSE,FALSE,FALSE,n/a,1000,3500,3.5,2500,505.8680696,0.574495303,0,0
152,100,300,25000,Gavanipani,20.87063,78.15179,2,2,3,3,2,0,2,4,40000,9,100000,0,100000,700,2,566.572238,10,30,6300,1,0,0,4,3,8,2500,FALSE,TRUE,FALSE,FALSE,n/a,TRUE,FALSE,FALSE,TRUE,TRUE,FALSE,TRUE,FALSE,n/a,150,5000,33.33333333,10000,1348.981519,0.574495303,0,0
153,100,300,25000,Gavanipani,20.87063,78.15179,3,3,7.5,3,2,0,0,2,40000,9,0,0,0,750,5,1517.604209,11,33,5200,0,0,0,3,3,4,500,FALSE,FALSE,TRUE,FALSE,n/a,TRUE,TRUE,FALSE,TRUE,FALSE,FALSE,TRUE,FALSE,n/a,10,5000,500,6000,809.3889114,0.574495303,0,0
154,100,300,25000,Taroda,20.84918,78.09932,3,0,4,4,0,0,0,0,40000,0,30000,0,30000,730,2,590.8539053,5,20,5000,1,0,0,10,4,3.5,0,FALSE,TRUE,TRUE,FALSE,n/a,TRUE,TRUE,FALSE,TRUE,FALSE,TRUE,TRUE,FALSE,n/a,100,2800,28,600,60.70416835,0.574495303,0,0
155,100,300,25000,Jalgaon,20.83359,78.20589,5,2,3,21,1,0,0,1,45000,12,0,6000,6000,730,2,590.8539053,6,126,5000,0,0,0,6,2,4,20002,FALSE,FALSE,TRUE,FALSE,n/a,TRUE,FALSE,FALSE,TRUE,TRUE,FALSE,TRUE,FALSE,n/a,100,2500,25,1000,19.27116456,0.574495303,0,0
156,100,300,25000,Jalgaon,20.83359,78.20589,3,1,3.5,3.5,2,0,0,2,30000,12,0,0,0,730,2,590.8539053,7,24.5,5200,0,0,0,2.5,3.5,3,2000,FALSE,FALSE,TRUE,FALSE,n/a,TRUE,FALSE,FALSE,TRUE,FALSE,FALSE,TRUE,FALSE,n/a,150,3200,21.33333333,3000,346.880962,0.574495303,0,0
157,100,300,25000,Dabhada,20.83017,78.1565,5,3,2.5,2.5,5,0,0,5,60000,12,50000,50000,100000,730,2,590.8539053,5,12.5,5500,0,0,0,1.5,2.5,6,200,FALSE,FALSE,TRUE,FALSE,n/a,TRUE,TRUE,FALSE,TRUE,FALSE,TRUE,TRUE,FALSE,n/a,150,3000,20,1500,242.8166734,0.574495303,0,0
158,100,300,25000,Talegaon,20.67898,78.09273,6,1,20,0.5,1,0,0,1,300000,4,180000,0,180000,340,1,137.5961149,4,2,5500,0,1,1,1,0.5,4,12000,TRUE,TRUE,FALSE,FALSE,n/a,TRUE,FALSE,FALSE,FALSE,FALSE,FALSE,FALSE,FALSE,n/a,2000,3200,1.6,400,323.7555645,0.109568011,0,0
159,100,300,25000,Devgaon,20.68238,78.15121,4,2,2,2,0,0,0,0,25000,6,0,0,0,730,2,590.8539053,8.5,17,5000,0,1,0,2,2,3.5,7000,FALSE,TRUE,TRUE,FALSE,n/a,TRUE,TRUE,FALSE,TRUE,TRUE,TRUE,TRUE,FALSE,n/a,150,3200,21.33333333,4500,910.5625253,0.109568011,0,0
160,100,300,25000,Jalka (Patache),20.71014,78.16522,2,2,3,3,1,2,0,3,10000,36,40000,0,40000,730,2,590.8539053,7,21,4400,1,0,0,3,3,2,10000,FALSE,TRUE,TRUE,FALSE,n/a,TRUE,FALSE,FALSE,TRUE,TRUE,FALSE,TRUE,FALSE,n/a,150,2500,16.66666667,3000,404.6944557,0.109568011,0,0
161,100,300,25000,Usalgavhan,20.69228,78.18945,3,1,3,3,0,0,0,0,40000,24,0,0,0,730,2,590.8539053,5,15,5150,0,0,0,6,0,0,n/a,n/a,n/a,n/a,n/a,n/a,FALSE,FALSE,FALSE,TRUE,TRUE,TRUE,TRUE,FALSE,n/a,150,1500,10,4000,539.5926076,0.109568011,0,0
162,100,300,25000,Gavanipani,20.87063,78.15179,2,1,3,3,0,0,0,0,21000,9,0,0,0,730,2.5,738.5673816,10,30,5900,0,0,0,8,0,n/a,n/a,n/a,n/a,n/a,n/a,n/a,FALSE,TRUE,FALSE,TRUE,TRUE,TRUE,TRUE,FALSE,n/a,150,1200,8,900,121.4083367,0.574495303,0,0
163,100,300,25000,Gavanipani,20.87063,78.15179,2,2,2,2,2,1,0,3,45000,2,0,0,0,740,2,598.9477944,6,12,5700,0,0,0,3,0,n/a,n/a,n/a,n/a,n/a,n/a,n/a,TRUE,TRUE,FALSE,TRUE,FALSE,FALSE,TRUE,FALSE,n/a,100,2700,27,1000,202.3472278,0.574495303,0,0
164,100,300,25000,Taroda,20.84918,78.09932,3,1,2,2,1,0,0,1,n/a,n/a,30000,0,30000,730,2,590.8539053,5,10,4200,1,0,0,5,2,3,0,FALSE,TRUE,TRUE,FALSE,n/a,TRUE,TRUE,FALSE,TRUE,TRUE,TRUE,TRUE,FALSE,n/a,100,2800,28,400,80.93889114,0.574495303,0,0
165,100,300,25000,Taroda,20.84918,78.09932,6,2,4,4,0,0,0,0,82000,11,21000,0,21000,730,1.5,443.140429,4,16,4300,1,0,0,2.5,0,0,n/a,n/a,n/a,n/a,n/a,n/a,FALSE,FALSE,FALSE,TRUE,FALSE,FALSE,FALSE,FALSE,n/a,50,1400,28,500,50.58680696,0.574495303,0,0
166,100,300,25000,Jalgaon,20.83359,78.20589,3,0,6,3,0,0,0,0,100000,10,0,72000,72000,730,2,590.8539053,6.5,19.5,5000,1,0,0,4.5,6,2,1600,FALSE,FALSE,TRUE,FALSE,n/a,FALSE,TRUE,TRUE,FALSE,TRUE,FALSE,TRUE,FALSE,n/a,100,2900,29,10000,1348.981519,0.574495303,0,0
167,100,300,25000,Jalgaon,20.83359,78.20589,3,1,4,2,1,2,0,3,0,n/a,0,0,0,730,2,590.8539053,6,12,5100,1,0,0,4,2,2.5,2200,FALSE,TRUE,TRUE,FALSE,n/a,TRUE,TRUE,FALSE,FALSE,TRUE,FALSE,TRUE,FALSE,n/a,100,2700,27,2500,505.8680696,0.574495303,0,0
168,100,300,25000,Dabhada,20.83017,78.1565,6,3,9,2.5,2,0,0,2,2750000,12,0,0,0,700,2,566.572238,7.5,18.75,5300,1,1,0,1,2.5,3,0,FALSE,TRUE,TRUE,FALSE,n/a,TRUE,TRUE,TRUE,TRUE,TRUE,FALSE,TRUE,FALSE,n/a,150,3600,24,5000,809.3889114,0.574495303,0,0
169,100,300,25000,Taroda,20.84918,78.09932,5,1,4,4,3,2,0,5,98000,36,0,0,0,730,2,590.8539053,5,20,5000,1,0,0,4,4,5,4000,FALSE,FALSE,TRUE,FALSE,n/a,TRUE,TRUE,FALSE,TRUE,FALSE,FALSE,TRUE,FALSE,n/a,100,5000,50,2500,252.9340348,0.574495303,0,0
170,100,300,25000,Jalgaon,20.83359,78.20589,4,1,5,5,1,0,0,1,70000,12,0,0,0,730,2,590.8539053,10,50,5300,1,0,0,12,5,3,10000,FALSE,FALSE,TRUE,FALSE,n/a,TRUE,TRUE,FALSE,FALSE,FALSE,TRUE,TRUE,FALSE,n/a,100,2400,24,2000,161.8777823,0.574495303,0,0
171,100,300,25000,Jalgaon,20.83359,78.20589,1,0,3.5,1,1,0,0,1,90000,12,0,0,0,730,2,590.8539053,8,8,5500,1,0,0,2,1,4,5000,FALSE,FALSE,TRUE,FALSE,n/a,TRUE,TRUE,FALSE,TRUE,FALSE,FALSE,TRUE,FALSE,n/a,150,3500,23.33333333,3200,1295.022258,0.574495303,0,0
172,100,300,25000,Dabhada,20.83017,78.1565,1,1,6,1,3,0,0,3,140000,12,0,0,0,720,2,582.7600162,8,8,5500,1,0,0,1,1,10,1200,TRUE,TRUE,FALSE,FALSE,"First sprinklers, then drip irrigation",TRUE,TRUE,FALSE,TRUE,TRUE,FALSE,TRUE,FALSE,n/a,150,4500,30,1500,607.0416835,0.574495303,0,0
173,100,300,25000,Gavanipani,20.87063,78.15179,2,0,8,2,2,0,2,4,0,n/a,0,0,0,730,2,590.8539053,10,20,5100,1,0,0,5.5,8,2.5,0,FALSE,TRUE,TRUE,FALSE,n/a,TRUE,TRUE,FALSE,TRUE,TRUE,TRUE,TRUE,FALSE,n/a,150,4500,30,4000,809.3889114,0.574495303,0,0
174,100,300,25000,Taroda,20.84918,78.09932,3,2,2,2,1,0,0,1,25000,12,20000,0,20000,730,2,590.8539053,5.5,11,5000,0,0,0,15,2,2,n/a,FALSE,FALSE,TRUE,FALSE,n/a,TRUE,TRUE,FALSE,TRUE,TRUE,TRUE,TRUE,FALSE,n/a,100,2800,28,700,141.6430595,0.574495303,0,0
175,100,300,25000,Taroda,20.84918,78.09932,4,0,4,4,0,0,0,0,63000,11,18000,0,18000,730,2,590.8539053,4,16,4500,0,0,0,5,0,0,n/a,n/a,n/a,n/a,n/a,n/a,FALSE,FALSE,FALSE,TRUE,TRUE,FALSE,FALSE,FALSE,n/a,100,2800,28,500,50.58680696,0.574495303,0,0
176,100,300,25000,Jalgaon,20.83359,78.20589,3,1,3,3,0,0,0,0,57000,10,0,35000,35000,730,2,590.8539053,5.5,16.5,5000,1,0,0,3,3,2,13600,FALSE,FALSE,TRUE,FALSE,n/a,FALSE,TRUE,FALSE,FALSE,TRUE,FALSE,TRUE,FALSE,n/a,100,2900,29,6000,809.3889114,0.574495303,0,0
177,100,300,25000,Jalgaon,20.83359,78.20589,6,0,8,4,0,0,0,0,275000,11,0,0,0,730,2,590.8539053,6.5,26,4200,0,1,0,2.5,4,2.5,2200,FALSE,TRUE,TRUE,FALSE,n/a,FALSE,FALSE,FALSE,FALSE,TRUE,TRUE,TRUE,FALSE,n/a,100,2700,27,3000,303.5208418,0.574495303,0,0
178,100,300,25000,Dabhada,20.83017,78.1565,5,1,4,2,2,2,0,4,100000,12,0,0,0,700,2,566.572238,4,8,5000,1,0,0,1,2,7,n/a,FALSE,FALSE,TRUE,FALSE,n/a,TRUE,FALSE,TRUE,TRUE,FALSE,FALSE,FALSE,FALSE,n/a,100,3000,30,5000,1011.736139,0.574495303,0,0
179,100,300,25000,Talegaon,20.67898,78.09273,3,2,7,2,1,2,0,3,n/a,n/a,3000,0,3000,750,2,607.0416835,7.5,15,5500,1,0,0,5.5,2,2,0,FALSE,FALSE,TRUE,FALSE,n/a,TRUE,TRUE,FALSE,TRUE,TRUE,FALSE,TRUE,FALSE,n/a,150,4200,28,2000,404.6944557,0.109568011,0,0
180,100,300,25000,Jalka (Patache),20.71014,78.16522,3,1,10,5,0,0,0,0,100000,4,120000,0,120000,730,3,886.280858,5,25,4750,1,0,0,2.5,5,3,12000,FALSE,TRUE,TRUE,FALSE,n/a,FALSE,TRUE,FALSE,TRUE,TRUE,TRUE,TRUE,FALSE,n/a,150,3000,20,1500,121.4083367,0.109568011,0,0
181,100,300,25000,Jalka (Patache),20.71014,78.16522,3,0,4.5,1,0,0,0,0,95000,6,90000,0,90000,700,2,566.572238,9,9,5500,1,0,0,3,1,4,10000,FALSE,TRUE,TRUE,FALSE,n/a,TRUE,TRUE,FALSE,TRUE,TRUE,FALSE,TRUE,FALSE,n/a,150,4500,30,5000,2023.472278,0.109568011,0,0
182,100,300,25000,Usalgavhan,20.69228,78.18945,2,1,6,4,4,2,0,6,80000,6,0,0,0,730,2,590.8539053,6,24,5000,1,0,0,6,4,2,10000,FALSE,FALSE,TRUE,FALSE,n/a,TRUE,FALSE,FALSE,TRUE,TRUE,FALSE,TRUE,FALSE,n/a,200,8000,40,3500,354.1076487,0.109568011,0,0
183,100,300,25000,Dhakulgao,20.89845,78.1257,4,0,5,3,0,0,0,0,100000,6,0,0,0,730,3,886.280858,5,15,5000,1,0,0,2,2,5,0,FALSE,TRUE,FALSE,FALSE,n/a,FALSE,TRUE,TRUE,TRUE,FALSE,FALSE,TRUE,FALSE,n/a,100,2000,20,2000,269.7963038,0.574495303,0,0
184,100,300,25000,Gunji,20.86035,78.12442,2,0,2,2,0,0,0,0,54000,12,n/a,0,0,700,2,566.572238,10,20,5000,1,0,0,7,0,0,0,FALSE,FALSE,TRUE,FALSE,n/a,FALSE,FALSE,TRUE,TRUE,FALSE,FALSE,TRUE,FALSE,n/a,100,5000,50,3000,607.0416835,0.574495303,0,0
185,100,300,25000,Wathoda,20.83547,78.18428,2,2,4,2,1,4,0,5,100000,12,0,0,0,730,2,590.8539053,10,20,5000,1,0,0,1.5,2,3,1500,FALSE,FALSE,TRUE,FALSE,n/a,TRUE,FALSE,FALSE,TRUE,TRUE,FALSE,TRUE,FALSE,n/a,100,2800,28,3000,607.0416835,0.574495303,0,0
186,100,300,25000,Dhakulgao,20.89845,78.1257,5,2,4,2,2,0,0,2,136000,6,51000,0,51000,720,3,874.1400243,6,12,5000,0,0,0,10,2,2,300,FALSE,FALSE,TRUE,FALSE,n/a,TRUE,FALSE,FALSE,FALSE,TRUE,FALSE,TRUE,FALSE,n/a,300,7200,24,2000,404.6944557,0.574495303,0,0
187,100,300,25000,Gunji,20.86035,78.12442,1,0,6,4,4,3,0,7,0,3,0,0,0,720,2,582.7600162,8,32,5500,1,0,0,1,4,4,3000,TRUE,FALSE,TRUE,FALSE,n/a,TRUE,TRUE,FALSE,TRUE,TRUE,FALSE,TRUE,FALSE,n/a,200,6000,30,5000,505.8680696,0.574495303,0,0
188,100,300,25000,Dhakulgao,20.89845,78.1257,4,0,2.5,1,0,0,0,0,0,n/a,0,0,0,730,2,590.8539053,5,5,5400,1,0,0,1,2.5,5,4000,FALSE,TRUE,TRUE,FALSE,n/a,TRUE,TRUE,FALSE,FALSE,TRUE,TRUE,TRUE,FALSE,n/a,300,4500,15,3000,1214.083367,0.574495303,0,0
189,100,300,25000,Gunji,20.86035,78.12442,3,1,5,5,0,0,0,0,150000,8,25000,10000,35000,730,2,590.8539053,9,45,5500,1,0,0,4,5,4,5000,FALSE,FALSE,TRUE,FALSE,n/a,TRUE,TRUE,FALSE,TRUE,TRUE,FALSE,TRUE,FALSE,n/a,300,4000,13.33333333,1000,80.93889114,0.574495303,0,0
190,100,300,25000,Gunji,20.86035,78.12442,5,0,5,5,4,4,0,8,1000,12,n/a,n/a,0,750,2,607.0416835,3,15,5000,0,0,0,4,0,n/a,n/a,n/a,n/a,n/a,n/a,n/a,TRUE,TRUE,FALSE,TRUE,TRUE,FALSE,TRUE,FALSE,n/a,100,3600,36,4000,323.7555645,0.574495303,0,0
191,100,300,25000,Gunji,20.86035,78.12442,3,1,5,2,1,0,0,1,70000,8,15000,10000,25000,720,2,582.7600162,7,14,5800,1,0,0,7,2,3,4000,FALSE,FALSE,TRUE,FALSE,n/a,TRUE,TRUE,FALSE,TRUE,TRUE,TRUE,TRUE,FALSE,n/a,150,4500,30,2000,404.6944557,0.574495303,0,0
192,100,300,25000,Dhakulgao,20.89845,78.1257,3,1,2.5,2.5,0,0,0,0,0,n/a,36000,0,36000,700,2,566.572238,7,17.5,6000,1,0,0,4,2,4,0,FALSE,FALSE,TRUE,FALSE,n/a,FALSE,FALSE,TRUE,FALSE,FALSE,FALSE,FALSE,FALSE,n/a,100,0,0,2000,323.7555645,0.574495303,0,0
193,100,300,25000,Dhakulgao,20.89845,78.1257,4,0,4,4,1,3,0,4,0,3,0,0,0,730,3,886.280858,6,24,5500,1,1,0,1,4,5,6000,TRUE,FALSE,FALSE,FALSE,n/a,FALSE,TRUE,FALSE,FALSE,TRUE,FALSE,TRUE,FALSE,n/a,100,3000,30,3500,354.1076487,0.574495303,0,0
194,100,300,25000,Gunji,20.86035,78.12442,4,1,4,2,0,0,0,0,89000,6,50000,0,50000,750,2,607.0416835,6,12,4500,0,1,0,2,4,4,3000,TRUE,FALSE,FALSE,FALSE,n/a,FALSE,FALSE,TRUE,TRUE,FALSE,FALSE,TRUE,FALSE,n/a,100,3000,30,7000,1416.430595,0.574495303,0,0
195,100,300,25000,Dhakulgao,20.89845,78.1257,3,0,10,5,1,3,0,4,50000,12,0,0,0,750,3,910.5625253,5,25,5000,0,0,0,5,0,0,n/a,n/a,n/a,n/a,n/a,n/a,FALSE,TRUE,FALSE,TRUE,FALSE,FALSE,TRUE,FALSE,n/a,100,300,3,2000,161.8777823,0.574495303,0,0
196,100,300,25000,Dhakulgao,20.89845,78.1257,5,0,3,3,0,0,0,0,0,3,0,10000,10000,750,150,45528.12626,7,21,5600,1,0,0,2,3,3,0,FALSE,FALSE,TRUE,FALSE,n/a,TRUE,TRUE,FALSE,TRUE,TRUE,FALSE,TRUE,FALSE,n/a,100,3000,30,1000,134.8981519,0.574495303,0,0
197,100,300,25000,Gunji,20.86035,78.12442,3,0,7,3,4,4,0,8,72000,6,0,0,0,730,2,590.8539053,7,21,6000,1,0,0,9,3,5,2000,FALSE,FALSE,TRUE,FALSE,n/a,TRUE,FALSE,FALSE,FALSE,TRUE,FALSE,TRUE,FALSE,n/a,100,2500,25,1000,134.8981519,0.574495303,0,0
198,100,300,25000,Warthoda,20.83547,78.18428,3,1,2,2,0,0,0,0,35000,60,36000,0,36000,720,2,582.7600162,3,6,5600,0,0,0,4,0,n/a,n/a,n/a,n/a,n/a,n/a,n/a,FALSE,TRUE,FALSE,FALSE,TRUE,TRUE,TRUE,FALSE,n/a,100,1400,14,3000,607.0416835,0.574495303,0,0
199,100,300,25000,Wathoda,20.83547,78.18428,3,1,3,3,0,0,0,0,10000,60,36000,18000,54000,720,2,582.7600162,6,18,5400,0,0,0,1.5,3,6,900,FALSE,FALSE,TRUE,FALSE,n/a,FALSE,TRUE,FALSE,TRUE,TRUE,FALSE,TRUE,FALSE,n/a,100,2200,22,2000,269.7963038,0.574495303,0,0
200,100,300,25000,Wathoda,20.83547,78.18428,5,0,3,3,1,1,1,3,0,n/a,0,0,0,740,2,598.9477944,5,15,5000,1,0,0,1,3,5,n/a,FALSE,FALSE,TRUE,FALSE,n/a,TRUE,TRUE,FALSE,TRUE,TRUE,FALSE,TRUE,FALSE,n/a,100,2600,26,5000,674.4907595,0.574495303,0,0
201,100,300,25000,Dhakulgao,20.89845,78.1257,5,2,7,2,4,2,1,7,n/a,n/a,36000,0,36000,700,3,849.8583569,8.5,17,5200,1,0,1,12,1,3,1000,FALSE,TRUE,TRUE,FALSE,n/a,TRUE,TRUE,FALSE,TRUE,TRUE,FALSE,TRUE,FALSE,n/a,100,2600,26,800,161.8777823,0.574495303,0,0
202,100,300,25000,Dhakulgao,20.89845,78.1257,4,0,10,5,0,0,0,0,100000,6,0,0,0,700,3,849.8583569,7,35,6000,1,0,0,2,5,2,25000,FALSE,TRUE,TRUE,FALSE,n/a,TRUE,TRUE,FALSE,TRUE,TRUE,TRUE,TRUE,FALSE,n/a,100,3000,30,5000,404.6944557,0.574495303,0,0
203,100,300,25000,Gunji,20.86035,78.12442,3,1,4.5,4.5,0,0,0,0,90000,8,25000,10000,35000,730,2,590.8539053,6,27,5200,1,0,0,3,4.5,3,4000,FALSE,FALSE,TRUE,FALSE,n/a,TRUE,TRUE,FALSE,FALSE,FALSE,FALSE,TRUE,FALSE,n/a,250,3000,12,2000,179.8642025,0.574495303,0,0
204,100,300,25000,Gunji,20.86035,78.12442,4,1,3,3,4,0,0,4,75000,8,10000,5000,15000,720,2,582.7600162,6,18,5500,1,0,0,3,3,3,10000,FALSE,FALSE,TRUE,FALSE,n/a,TRUE,FALSE,FALSE,TRUE,FALSE,TRUE,TRUE,FALSE,n/a,150,4500,30,3000,404.6944557,0.574495303,0,0
205,100,300,25000,Wathoda,20.83547,78.18428,3,0,8,5,2,1,0,3,600000,12,0,0,0,700,3,849.8583569,6,30,5600,1,1,0,4,5,4,70000,FALSE,TRUE,FALSE,FALSE,n/a,TRUE,TRUE,FALSE,TRUE,TRUE,FALSE,TRUE,FALSE,n/a,150,3000,20,5000,404.6944557,0.574495303,0,0
206,100,300,25000,Wathoda,20.83547,78.18428,1,0,4,1,2,0,0,2,150000,12,0,0,0,750,2,607.0416835,6,6,5400,1,0,0,5,1,3,800,FALSE,TRUE,TRUE,FALSE,n/a,TRUE,TRUE,FALSE,TRUE,TRUE,FALSE,TRUE,FALSE,n/a,150,3000,20,5000,2023.472278,0.574495303,0,0
207,100,300,25000,Wathoda,20.83547,78.18428,4,1,5,3,5,0,0,5,3000,60,48000,0,48000,700,2,566.572238,5,15,5500,0,0,0,6,n/a,n/a,n/a,n/a,n/a,n/a,n/a,n/a,TRUE,TRUE,FALSE,TRUE,TRUE,FALSE,TRUE,FALSE,n/a,100,2400,24,5000,674.4907595,0.574495303,0,0
208,100,300,25000,Dhakulgao,20.89845,78.1257,2,1,4,2,2,2,0,4,n/a,n/a,31000,0,31000,730,3,886.280858,7,14,5000,1,0,0,10,4,4,7000,FALSE,TRUE,FALSE,FALSE,n/a,TRUE,TRUE,FALSE,TRUE,FALSE,FALSE,TRUE,FALSE,n/a,300,6500,21.66666667,2500,505.8680696,0.574495303,0,0
209,100,300,25000,Dhakulgao,20.89845,78.1257,5,1,3.5,3.52,2,1,0,3,60000,14,0,0,0,720,2,582.7600162,4,14.08,5300,1,0,0,2,2,4000,4000,FALSE,TRUE,TRUE,FALSE,n/a,TRUE,TRUE,FALSE,TRUE,TRUE,TRUE,TRUE,FALSE,n/a,300,5000,16.66666667,3000,344.9100475,0.574495303,0,0
210,100,300,25000,Wathoda,20.83547,78.18428,5,0,15,10,3,2,0,5,500000,6,0,0,0,700,3,849.8583569,6,60,5600,1,0,0,3,15,8,n/a,TRUE,FALSE,FALSE,FALSE,n/a,TRUE,TRUE,FALSE,TRUE,TRUE,FALSE,TRUE,FALSE,n/a,150,3000,20,5000,202.3472278,0.574495303,0,0
211,100,300,25000,Wathoda,20.83547,78.18428,4,1,6,3,0,0,0,0,n/a,n/a,0,18000,18000,730,2,590.8539053,5,15,5000,0,0,0,1,3,3,500,FALSE,FALSE,TRUE,FALSE,n/a,FALSE,TRUE,FALSE,FALSE,FALSE,TRUE,TRUE,FALSE,n/a,50,1000,20,1000,134.8981519,0.574495303,0,0
212,100,300,25000,Dhakulgao,20.89845,78.1257,4,1,3.5,1.5,0,0,0,0,63000,12,0,0,0,730,3,886.280858,8,12,5200,1,0,0,8,1.5,3,1200,FALSE,TRUE,TRUE,FALSE,n/a,TRUE,FALSE,FALSE,FALSE,FALSE,FALSE,FALSE,FALSE,n/a,1000,4000,4,1500,404.6944557,0.574495303,0,0
213,100,300,25000,Dhakulgao,20.89845,78.1257,4,0,4,2,2,0,0,2,n/a,n/a,0,0,0,700,3,849.8583569,7,14,5400,1,0,0,2,2,2,20000,FALSE,TRUE,TRUE,FALSE,n/a,TRUE,TRUE,FALSE,TRUE,TRUE,TRUE,TRUE,FALSE,n/a,100,3000,30,5000,1011.736139,0.574495303,0,0
214,100,300,25000,Gunji,20.86035,78.12442,6,3,7,3,1,2,0,3,210000,12,0,0,0,730,2,590.8539053,5.5,16.5,4500,0,1,0,n/a,3,2,n/a,FALSE,TRUE,TRUE,FALSE,n/a,TRUE,FALSE,FALSE,FALSE,TRUE,FALSE,TRUE,FALSE,n/a,150,3000,20,4000,539.5926076,0.574495303,0,0
215,100,300,25000,Gunji,20.86035,78.12442,2,1,3,2,1,1,0,2,75000,12,0,0,0,730,2,590.8539053,6,12,5400,1,1,0,4,2,4,7000,FALSE,TRUE,TRUE,FALSE,n/a,TRUE,TRUE,FALSE,TRUE,TRUE,FALSE,TRUE,FALSE,n/a,200,4500,22.5,5000,1011.736139,0.574495303,0,0
216,100,300,25000,Wathoda,20.83547,78.18428,3,0,5,3,2,0,0,2,100000,5,0,0,0,730,3,886.280858,15,45,5600,1,1,0,2.5,3,3,2500,FALSE,TRUE,TRUE,FALSE,n/a,TRUE,FALSE,FALSE,TRUE,TRUE,FALSE,TRUE,TRUE,Wormi compost ,150,3000,20,3000,404.6944557,0.574495303,0,0
217,100,300,25000,Wathoda,20.83547,78.18428,1,1,4,2,1,4,0,5,100000,12,72000,0,72000,700,2,566.572238,8,16,5000,1,1,0,5,2,4,n/a,FALSE,TRUE,TRUE,FALSE,n/a,TRUE,TRUE,FALSE,TRUE,TRUE,FALSE,TRUE,FALSE,n/a,150,3600,24,5000,1011.736139,0.574495303,0,0
218,100,300,25000,Dhakulgao,20.89845,78.1257,5,1,2,1,0,0,0,0,0,n/a,0,0,0,700,3,849.8583569,8,8,5200,1,0,0,12,2,3,3000,FALSE,TRUE,TRUE,FALSE,n/a,TRUE,TRUE,FALSE,TRUE,TRUE,FALSE,TRUE,FALSE,n/a,100,2600,26,1000,404.6944557,0.574495303,0,0
219,100,300,25000,Dhakulgao,20.89845,78.1257,3,0,10,10,3,4,0,7,100000,12,0,0,0,700,3,849.8583569,7,70,6000,1,0,0,2,10,2,60000,FALSE,TRUE,TRUE,FALSE,n/a,TRUE,TRUE,FALSE,TRUE,TRUE,TRUE,TRUE,FALSE,n/a,100,3000,30,5000,202.3472278,0.574495303,0,0
220,100,300,25000,Gunji ,20.86035,78.12442,3,2,7,2.5,0,2,0,2,100000,12,0,0,0,700,2,566.572238,5.5,13.75,4600,1,0,0,18,2.5,2,0,FALSE,FALSE,TRUE,FALSE,n/a,TRUE,TRUE,FALSE,TRUE,TRUE,FALSE,TRUE,FALSE,n/a,100,2500,25,4000,647.5111291,0.574495303,0,0
221,100,300,25000,Gunji,20.86035,78.12442,4,1,4,2,3,0,0,3,60000,12,0,0,0,730,2,590.8539053,10,20,5400,1,0,0,1.5,4,4,10000,FALSE,TRUE,TRUE,FALSE,n/a,TRUE,TRUE,FALSE,TRUE,TRUE,FALSE,TRUE,FALSE,n/a,150,4000,26.66666667,4500,910.5625253,0.574495303,0,0
222,100,300,25000,Jalka (Patache),20.71014,78.16522,0,3,3,1.5,0,0,0,0,100000,7,20000,0,20000,730,2,590.8539053,6,9,4900,0,0,0,5,0,0,n/a,n/a,n/a,n/a,n/a,n/a,FALSE,FALSE,FALSE,FALSE,TRUE,FALSE,TRUE,FALSE,n/a,100,3200,32,8000,2158.37043,0.109568011,0,0
223,100,300,25000,Usalgavhan,20.69228,78.18945,3,1,5,2.5,0,0,0,0,48000,6,216000,0,216000,730,2,590.8539053,6,15,4800,1,0,0,1.5,2.5,2,4000,FALSE,FALSE,TRUE,FALSE,n/a,TRUE,FALSE,FALSE,TRUE,FALSE,TRUE,TRUE,FALSE,n/a,200,4000,20,2300,372.3188992,0.109568011,0,0
224,100,300,25000,Vasad,20.85852,78.18767,1,0,2,2,0,0,0,0,n/a,n/a,15000,0,15000,750,3,910.5625253,8,16,5300,0,0,0,2,2,2,30000,TRUE,FALSE,TRUE,FALSE,n/a,TRUE,TRUE,FALSE,FALSE,TRUE,FALSE,TRUE,FALSE,n/a,100,1000,10,2000,404.6944557,0.574495303,0,0
225,100,300,25000,Vasad,20.85852,78.18767,3,0,5,5,0,0,0,0,70000,6,0,0,0,720,2,582.7600162,8,40,5500,1,0,0,10,5,2,5000,FALSE,FALSE,TRUE,FALSE,n/a,FALSE,TRUE,FALSE,TRUE,TRUE,FALSE,TRUE,FALSE,n/a,150,3500,23.33333333,1500,121.4083367,0.574495303,0,0
226,100,300,25000,Chinchpur,20.89504,78.18766,3,1,3,3,0,0,0,0,n/a,n/a,40000,0,40000,730,2,590.8539053,6,18,5500,0,0,0,5,3,2,0,FALSE,FALSE,TRUE,FALSE,n/a,FALSE,TRUE,FALSE,TRUE,TRUE,FALSE,TRUE,FALSE,n/a,100,1600,16,5000,674.4907595,0.574495303,0,0
227,100,300,25000,Chinchpur,20.89504,78.18766,6,1,3,3,0,0,0,0,n/a,n/a,0,40000,40000,720,2,582.7600162,7.5,22.5,5500,0,0,0,7,3,2,4000,FALSE,FALSE,TRUE,FALSE,n/a,FALSE,TRUE,FALSE,TRUE,TRUE,FALSE,TRUE,FALSE,n/a,100,3000,30,2000,269.7963038,0.574495303,0,0
228,100,300,25000,Vasad,20.85852,78.18767,3,0,3,3,5,0,0,5,55000,12,0,0,0,720,2.5,728.4500202,4.5,13.5,5200,0,0,0,n/a,0,n/a,n/a,n/a,n/a,n/a,n/a,n/a,TRUE,TRUE,FALSE,FALSE,FALSE,FALSE,TRUE,FALSE,n/a,100,1200,12,4000,539.5926076,0.574495303,0,0
229,100,300,25000,Vasad,20.85852,78.18767,4,1,2.5,2.5,2,0,0,2,80000,60,0,0,0,730,2,590.8539053,5.5,13.75,5600,1,0,0,6,2.5,2,2000,FALSE,TRUE,TRUE,FALSE,n/a,TRUE,FALSE,FALSE,TRUE,FALSE,FALSE,TRUE,FALSE,n/a,150,3000,20,2600,420.8822339,0.574495303,0,0
230,100,300,25000,Chinchpur,20.89504,78.18766,3,1,6,6,0,2,0,2,75000,12,0,0,0,720,2,582.7600162,7,42,5400,0,0,0,25,0,0,n/a,n/a,n/a,n/a,n/a,n/a,TRUE,FALSE,FALSE,TRUE,TRUE,FALSE,TRUE,FALSE,n/a,100,2900,29,3000,202.3472278,0.574495303,0,0
231,100,300,25000,Chinchpur,20.89504,78.18766,1,1,3,3,2,1,0,3,60000,12,0,0,0,720,2,582.7600162,10,30,5000,0,0,0,3,3,3,60000,FALSE,TRUE,TRUE,FALSE,n/a,TRUE,TRUE,TRUE,TRUE,FALSE,TRUE,TRUE,FALSE,n/a,150,3000,20,4000,539.5926076,0.574495303,0,0
232,100,300,25000,Vasad,20.85852,78.18767,3,0,3,3,2,0,0,2,80000,12,0,0,0,720,2,582.7600162,6,18,5200,1,0,0,10,3,3,0,FALSE,TRUE,TRUE,FALSE,n/a,TRUE,TRUE,FALSE,TRUE,TRUE,FALSE,TRUE,FALSE,n/a,100,1500,15,4000,539.5926076,0.574495303,0,0
233,100,300,25000,Vasad,20.85852,78.18767,3,0,12,6,4,2,20,26,150000,12,0,0,0,730,2.5,738.5673816,9,54,5200,1,0,0,10,6,3,0,FALSE,TRUE,TRUE,FALSE,n/a,TRUE,TRUE,FALSE,FALSE,FALSE,FALSE,TRUE,FALSE,n/a,100,1200,12,4000,269.7963038,0.574495303,0,0
234,100,300,25000,Vasad,20.85852,78.18767,2,0,6,6,2,2,0,4,150000,60,0,0,0,730,2,590.8539053,5.5,33,5200,1,0,1,10,6,2,3000,FALSE,TRUE,TRUE,FALSE,n/a,TRUE,TRUE,FALSE,TRUE,FALSE,TRUE,TRUE,FALSE,n/a,150,2000,13.33333333,2400,161.8777823,0.574495303,0,0
235,100,300,25000,Chinchpur,20.89504,78.18766,3,1,3,3,1,0,0,1,30000,12,0,0,0,750,2,607.0416835,7,21,5400,0,0,0,25,0,0,n/a,n/a,n/a,n/a,n/a,n/a,TRUE,TRUE,FALSE,TRUE,TRUE,TRUE,TRUE,FALSE,n/a,150,4500,30,3000,404.6944557,0.574495303,0,0
236,100,300,25000,Chinchpur,20.89504,78.18766,3,1,4,4,2,0,0,2,40000,12,0,0,0,720,2,582.7600162,8,32,5000,0,0,0,4,0,0,0,n/a,n/a,n/a,n/a,n/a,TRUE,TRUE,FALSE,FALSE,TRUE,FALSE,TRUE,FALSE,n/a,150,5000,33.33333333,1000,101.1736139,0.574495303,0,0
237,100,300,25000,Vasad,20.85852,78.18767,5,3,9,7,3,2,0,5,200000,60,0,0,0,730,2,590.8539053,5.5,38.5,5500,1,0,0,10,4,2,0,FALSE,TRUE,TRUE,FALSE,n/a,TRUE,TRUE,FALSE,TRUE,TRUE,FALSE,TRUE,FALSE,n/a,150,3000,20,2500,144.5337342,0.574495303,0,0
238,100,300,25000,Chinchpur,20.89504,78.18766,2,1,4,4,3,0,0,3,50000,12,20000,0,20000,750,2,607.0416835,7,28,6000,0,0,0,2,0,n/a,n/a,n/a,n/a,n/a,n/a,n/a,FALSE,TRUE,FALSE,TRUE,FALSE,FALSE,TRUE,FALSE,n/a,150,2000,13.33333333,15000,1517.604209,0.574495303,0,0
239,100,300,25000,Chinchpur,20.89504,78.18766,4,2,3,3,1,2,0,3,0,12,10000,0,10000,730,2,590.8539053,10,30,5000,0,1,0,2,3,3,2000,FALSE,TRUE,FALSE,FALSE,n/a,TRUE,TRUE,FALSE,TRUE,FALSE,FALSE,TRUE,FALSE,n/a,150,2000,13.33333333,1500,202.3472278,0.574495303,0,0
240,100,300,25000,Chinchpur,20.89504,78.18766,3,1,3,3,0,0,0,0,43000,12,0,5000,5000,730,2,590.8539053,5,15,5000,0,0,0,10,0,0,10000,FALSE,FALSE,TRUE,FALSE,n/a,TRUE,TRUE,FALSE,TRUE,FALSE,TRUE,TRUE,FALSE,n/a,100,3000,30,5000,674.4907595,0.574495303,0,0
241,100,300,25000,Vasad,20.85852,78.18767,4,0,3,1,0,0,0,0,50000,12,0,50000,50000,750,2,607.0416835,5,5,5000,0,0,1,10,0,n/a,n/a,n/a,n/a,n/a,n/a,n/a,FALSE,TRUE,TRUE,TRUE,FALSE,FALSE,TRUE,FALSE,n/a,100,3000,30,2000,809.3889114,0.574495303,0,0
242,100,300,25000,Vasad,20.85852,78.18767,1,0,3,3,0,0,0,0,50000,12,0,0,0,720,2,582.7600162,8.5,25.5,5800,1,0,0,4,3,2,1000,FALSE,TRUE,FALSE,FALSE,n/a,TRUE,TRUE,FALSE,TRUE,TRUE,FALSE,TRUE,FALSE,n/a,150,3000,20,2500,337.2453797,0.574495303,0,0
243,100,300,25000,Vasad,20.85852,78.18767,8,2,6,4,3,2,0,5,70000,3,0,0,0,750,3,910.5625253,8,32,5300,1,0,0,10,4,3,30000,TRUE,FALSE,TRUE,FALSE,n/a,TRUE,TRUE,FALSE,FALSE,TRUE,FALSE,TRUE,FALSE,n/a,100,1000,10,2000,202.3472278,0.574495303,0,0
244,100,300,25000,Vasad,20.85852,78.18767,1,0,27,2,20,4,0,24,200000,4.5,500000,30000,530000,720,2,582.7600162,7,14,5500,1,0,0,10,2,2,2000,TRUE,TRUE,TRUE,FALSE,n/a,TRUE,TRUE,FALSE,TRUE,TRUE,FALSE,TRUE,FALSE,n/a,150,3000,20,1500,303.5208418,0.574495303,0,0
245,100,300,25000,Chinchpur,20.89504,78.18766,4,0,4,4,1,2,0,3,70000,6,0,0,0,720,2,582.7600162,7.5,30,5600,0,0,0,4,0,3,4000,FALSE,FALSE,TRUE,FALSE,n/a,FALSE,TRUE,FALSE,TRUE,FALSE,TRUE,TRUE,FALSE,n/a,150,3000,20,5000,505.8680696,0.574495303,0,0
246,100,300,25000,Vasad,20.85852,78.18767,2,1,4,3,0,0,0,0,88000,12,24000,0,24000,730,2,590.8539053,5,15,5000,1,0,0,10,0,n/a,n/a,n/a,n/a,n/a,n/a,n/a,FALSE,TRUE,FALSE,TRUE,FALSE,TRUE,TRUE,FALSE,n/a,100,3000,30,2000,269.7963038,0.574495303,0,0
247,100,300,25000,Chinchpur,20.89504,78.18766,7,3,10,8,3,4,0,7,100000,6,0,300000,300000,730,2,590.8539053,8,64,5500,0,0,0,3,8,2,2000,FALSE,FALSE,TRUE,FALSE,n/a,TRUE,TRUE,FALSE,TRUE,TRUE,TRUE,TRUE,FALSE,n/a,150,5000,33.33333333,7000,354.1076487,0.574495303,0,0
248,100,300,25000,Chinchpur,20.89504,78.18766,5,1,4,4,5,3,19,27,n/a,n/a,0,0,0,730,2,590.8539053,7.5,30,5500,0,0,0,6,2,2,4000,FALSE,FALSE,TRUE,FALSE,n/a,TRUE,TRUE,FALSE,TRUE,TRUE,FALSE,TRUE,FALSE,n/a,100,300,3,4000,404.6944557,0.574495303,0,0
249,100,300,25000,Pulai,20.8346,78.50637,3,1,30,13,9,11,0,20,0,7.5,0,0,0,700,2,566.572238,9,117,5800,1,0,0,10,13,3,26000,FALSE,TRUE,TRUE,FALSE,n/a,TRUE,FALSE,FALSE,TRUE,TRUE,FALSE,TRUE,TRUE,Sulfur,200,4000,20,2000,62.26068549,0.571787764,0,0
250,100,300,25000,Pulai,20.83624,78.50523,2,2,2,2.5,0,2,0,2,,7,0,0,0,700,2,566.572238,9,22.5,5500,1,0,0,8.5,1.2,2,2000,FALSE,TRUE,TRUE,FALSE,n/a,TRUE,TRUE,FALSE,FALSE,TRUE,TRUE,TRUE,FALSE,,150,2000,13.33333333,4000,647.5111291,0.571787764,0,0
251,100,300,25000,Mandwa,20.82577,78.46412,4,1,10,6,11,3,0,14,250000,7,0,0,0,700,2,566.572238,10,60,5700,1,0,0,5,6,3,27000,FALSE,TRUE,TRUE,FALSE,n/a,TRUE,TRUE,FALSE,FALSE,TRUE,FALSE,TRUE,FALSE,,100,1900,19,2750,185.4849589,0.571787764,0,0
252,100,300,25000,Mandwa,20.82613,78.46401,3,1,4,2,3,0,0,3,,,0,33000,33000,250,1,101.1736139,6,12,6200,1,0,0,5.5,0,0,500,FALSE,TRUE,FALSE,FALSE,n/a,TRUE,FALSE,FALSE,FALSE,FALSE,FALSE,FALSE,TRUE,Homemade from manure and green waste,120,400,3.333333333,0,0,0.571787764,0,0
253,100,300,25000,Pulai,20.83624,78.50523,4,2,25,2.5,0,0,0,0,,,35000,35000,70000,700,2,566.572238,5.5,13.75,5400,0,0,0,10,0,0,0,,,,,n/a,TRUE,FALSE,FALSE,TRUE,TRUE,FALSE,TRUE,FALSE,,150,3500,23.33333333,2500,404.6944557,0.571787764,0,0
254,100,300,25000,Pulai,20.83624,78.50523,4,1,19,10,2,4,0,6,300000,4,0,0,0,700,2,566.572238,8.5,85,5000,1,1,0,35,11,4,4500,FALSE,FALSE,TRUE,FALSE,n/a,TRUE,TRUE,FALSE,TRUE,TRUE,TRUE,TRUE,FALSE,,200,7500,37.5,4500,182.1125051,0.571787764,0,0
255,100,300,25000,Mandawa,20.82613,78.46401,5,1,32,10,8,2,0,10,300000,4,200000,0,200000,700,2,566.572238,10,100,5500,1,0,0,3,10,4,20000,TRUE,TRUE,TRUE,FALSE,n/a,TRUE,TRUE,FALSE,TRUE,TRUE,FALSE,TRUE,FALSE,,120,2500,20.83333333,3500,141.6430595,0.571787764,0,0
256,100,300,25000,Mandawa,20.82613,78.46401,4,1,3,3,0,0,0,0,100000,4,0,0,0,700,2,566.572238,10,30,5400,1,0,0,3,3.5,5,3000,FALSE,TRUE,TRUE,FALSE,n/a,TRUE,FALSE,FALSE,TRUE,TRUE,FALSE,TRUE,FALSE,,200,4000,20,2000,269.7963038,0.571787764,0,0
257,100,300,25000,Karegaon,20.231046,78.201745,6,3,7,6,1,3,6,10,70000,6,15000,0,15000,750,2,607.0416835,7.5,45,4500,1,0,0,6,3.5,4,1500,FALSE,TRUE,TRUE,FALSE,n/a,TRUE,FALSE,TRUE,FALSE,TRUE,FALSE,TRUE,FALSE,,150,2300,15.33333333,4000,269.7963038,0.345939686,0,0
258,100,300,25000,Salod,20.69855,78.5485,4,1,4,4,0,0,0,0,70000,6,7500,8000,15500,730,2,590.8539053,5,20,4750,1,0,0,15,,1,0,FALSE,FALSE,TRUE,FALSE,,FALSE,TRUE,FALSE,TRUE,FALSE,FALSE,TRUE,FALSE,,100,2800,28,1500,151.7604209,0.571787764,0,0
259,100,300,25000,Dhothra,20.72156,78.52452,3,1,5,4,0,2,0,2,120000,6,65000,0,65000,750,2,607.0416835,7.5,30,5500,1,0,0,2,,2,4500,FALSE,TRUE,TRUE,FALSE,,TRUE,FALSE,FALSE,TRUE,TRUE,FALSE,FALSE,TRUE,Sulfur,100,2400,24,3000,303.5208418,0.571787764,0,0
260,100,300,25000,Chithoda,20.71955,78.61903,3,0,1.25,1.25,0,0,0,0,,,70000,,70000,730,3,886.280858,10.4,13,6200,1,0,0,0.8,,3,3200,FALSE,FALSE,TRUE,FALSE,,TRUE,FALSE,FALSE,FALSE,FALSE,FALSE,TRUE,FALSE,,45,300,6.666666667,0,0,0.571787764,0,0
261,100,300,25000,Dhothra,20.72167,78.52456,5,2,12,8.5,0,3,0,3,160000,4.5,0,0,0,700,2,566.572238,5.5,46.75,4500,1,0,0,1.5,,0,3500,FALSE,TRUE,TRUE,FALSE,,FALSE,TRUE,TRUE,TRUE,TRUE,FALSE,TRUE,FALSE,,150,4000,26.66666667,2000,95.22222487,0.571787764,0,0
262,100,300,25000,Chithoda,20.71955,78.61903,4,0,40,20,25,4,0,29,100000,7,1000000,0,1000000,720,2,582.7600162,10,200,5500,1,0,0,8,,3,5500,FALSE,TRUE,TRUE,TRUE,First sprinkler then flood,TRUE,FALSE,FALSE,TRUE,TRUE,FALSE,TRUE,TRUE,Micro nutrients sulphur,150,3100,20.66666667,10000,202.3472278,0.571787764,0,0
263,100,300,25000,Dhothra,20.721257,78.525351,4,1,4.5,3,0,2,0,2,,,1500,11000,12500,730,2,590.8539053,6,18,5300,1,0,0,2,,4.5,1000,FALSE,FALSE,TRUE,FALSE,,TRUE,TRUE,FALSE,TRUE,TRUE,FALSE,TRUE,FALSE,,150,3840,25.6,1000,134.8981519,0.571787764,0,0
264,100,300,25000,Dhothra,20.721441,78.524987,4,1,5,3,0,2,0,2,195000,16,0,6000,6000,750,2,607.0416835,5.5,16.5,5500,1,0,0,2,,2,4500,FALSE,FALSE,TRUE,FALSE,,TRUE,TRUE,FALSE,TRUE,TRUE,TRUE,TRUE,FALSE,,100,2400,24,3000,404.6944557,0.571787764,0,0
265,100,300,25000,Chithoda,20.7195344,78.6092494,3,1,6.5,3,2,0,0,2,,,0,0,0,680,2,550.3844597,11,33,5550,1,0,0,5,,3.5,4000,FALSE,TRUE,TRUE,FALSE,,FALSE,TRUE,TRUE,TRUE,FALSE,FALSE,TRUE,TRUE,Micronutrients,408,11400,27.94117647,4000,539.5926076,0.571787764,0,0
266,100,300,25000,Dhothra,20.721257,78.525351,2,1,5.75,4,0,2,0,2,100000,4.5,0,0,0,730,2,590.8539053,5.5,22,5000,0,0,0,3,,,,,,,,,FALSE,FALSE,TRUE,FALSE,FALSE,FALSE,FALSE,FALSE,,250,9000,36,5500,556.4548766,0.571787764,0,0
267,100,300,25000,Dhothra,20.721257,78.525351,3,2,2.5,2.5,0,0,0,0,,,96000,36000,132000,800,2,647.5111291,10,25,5000,1,0,0,6,,3.5,3000,FALSE,TRUE,TRUE,FALSE,,FALSE,FALSE,TRUE,FALSE,FALSE,FALSE,FALSE,FALSE,,200,3200,16,7000,1133.144476,0.571787764,0,0
268,100,300,25000,Allipur,20.54703,78.69598,5,1,6.5,5,2,2,0,4,180000,7,0,0,0,690,1.5,418.8587616,8,40,5000,1,0,0,8.5,2,1.5,20000,FALSE,FALSE,TRUE,FALSE,,TRUE,FALSE,FALSE,TRUE,TRUE,FALSE,TRUE,FALSE,,150,3300,22,2000,161.8777823,0.111381595,0,0
269,100,300,25000,Allipur,20.54703,78.69598,4,2,7,7,0,0,0,0,90000,5,0,80000,80000,700,2,566.572238,4.5,31.5,5000,0,0,0,0.5,0,,,,,,,,FALSE,TRUE,TRUE,FALSE,TRUE,TRUE,TRUE,FALSE,,150,2500,16.66666667,1500,86.7202405,0.111381595,0,0
270,100,300,25000,Yerandwadi,20.54,78.22,5,0,40,35,0,4,0,4,300000,,0,0,0,730,2,590.8539053,9,315,5000,1,1,0,1,35,5,100000,TRUE,FALSE,FALSE,FALSE,,FALSE,TRUE,FALSE,FALSE,TRUE,TRUE,TRUE,FALSE,,250,4500,18,4000,46.25079494,0.111381595,0,0
271,100,300,25000,Allipur,20.54703,78.69598,4,1,25,13,2,2,0,4,80000,3,60000,0,60000,680,2,550.3844597,8,104,5000,1,0,1,1,6,3,6000,TRUE,FALSE,TRUE,FALSE,,TRUE,FALSE,TRUE,TRUE,TRUE,FALSE,TRUE,FALSE,,150,3000,20,3000,93.39102824,0.111381595,0,0
272,100,300,25000,Yerandwadi,20.54,78.22,5,1,2.5,2.5,0,2,0,2,60000,7,0,0,0,700,2,566.572238,6.4,16,5600,1,0,0,0.83,2.5,2,5000,FALSE,FALSE,TRUE,FALSE,,FALSE,TRUE,FALSE,TRUE,TRUE,FALSE,TRUE,FALSE,,195,3866,19.82564103,3500,566.572238,0.111381595,0,0
273,100,300,25000,Pawani,20.5193,78.69035,4,1,2.5,2.5,0,0,0,0,75000,7,72000,35000,107000,700,2,566.572238,7.5,18.75,5000,0,0,0,1,0,0,,,,,,,FALSE,FALSE,FALSE,TRUE,TRUE,TRUE,TRUE,FALSE,,200,1800,9,4000,647.5111291,0.111381595,0,0
274,100,300,25000,Anipur,20.5550418,78.6977677,4,0,5,4,2,3,0,5,100000,6,0,0,0,700,1.5,424.9291785,10,40,5000,1,0,0,1,4,4,5000,TRUE,FALSE,FALSE,FALSE,,FALSE,FALSE,TRUE,TRUE,TRUE,TRUE,TRUE,FALSE,,250,10000,40,3000,303.5208418,0.111381595,0,0
275,100,300,25000,Anipur,20.5550418,78.6977677,5,0,20,15,2,2,0,4,1000000,11,200000,0,200000,680,1.67,459.5710239,8,120,5500,1,1,1,50,10,2,100000,TRUE,FALSE,TRUE,TRUE,"5 acre drip, 5 furrow, 5 none",TRUE,TRUE,FALSE,TRUE,TRUE,FALSE,TRUE,FALSE,,75,2000,26.66666667,2000,53.95926076,0.111381595,0,0
276,100,300,25000,Yerandwadi,20.54211,78.732336,3,0,5,4,1,2,0,3,150000,6,0,0,0,700,2.5,708.2152975,10,40,5000,1,0,0,4,4,2,25000,FALSE,FALSE,TRUE,FALSE,,TRUE,FALSE,FALSE,FALSE,TRUE,TRUE,TRUE,FALSE,,350,5000,14.28571429,1000,101.1736139,0.111381595,0,0
277,100,300,25000,Pawani,20.519113,78.689875,1,1,6,3,0,0,0,0,80000,7.5,0,0,0,700,2,566.572238,8,24,5000,0,0,0,1.5,0,0,,,,,,,FALSE,TRUE,FALSE,FALSE,TRUE,FALSE,TRUE,FALSE,,300,5000,16.66666667,2500,337.2453797,0.111381595,0,0
278,100,300,25000,Mamdapur,20.56297,78.59527,3,1,5,3.5,2,2,0,4,,,24000,0,24000,715,2,578.7130716,4.3,15.05,5000,1,0,1,40,3.5,2,4900,FALSE,FALSE,TRUE,FALSE,,TRUE,TRUE,FALSE,FALSE,TRUE,FALSE,TRUE,FALSE,,100,5000,50,3000,346.880962,0.111381595,0,0
279,100,300,25000,Giroli,20.563135,78.595503,4,2,8.75,5,1,3,0,4,70000,10,150000,0,150000,720,2,582.7600162,8,40,5500,1,0,0,5,0,,,FALSE,FALSE,TRUE,FALSE,,FALSE,FALSE,FALSE,FALSE,TRUE,TRUE,TRUE,FALSE,,300,4200,14,1500,121.4083367,0.111381595,0,0
280,100,300,25000,Pathari,20.549819,78.611569,3,2,8,6,0,2,0,2,200000,7,0,0,0,700,2,566.572238,7,42,5000,1,0,0,40,6,2,1000,FALSE,FALSE,TRUE,FALSE,,FALSE,FALSE,FALSE,TRUE,TRUE,TRUE,TRUE,FALSE,,150,4000,26.66666667,1200,80.93889114,0.111381595,0,0
281,100,300,25000,Anipur,20.5550418,78.6977677,5,2,15,15,3,2,0,5,200000,7,60000,0,60000,682,2,552.0032376,7,105,5000,1,0,0,10,9,1,40000,TRUE,TRUE,FALSE,FALSE,,TRUE,FALSE,FALSE,FALSE,TRUE,TRUE,TRUE,FALSE,,200,1100,5.5,2000,53.95926076,0.111381595,0,0
282,100,300,25000,Yerandwadi,20.54211,78.732336,4,0,8,6,3,2,0,5,190000,6,0,0,0,700,2,566.572238,7,42,5000,1,0,0,5,3,4,8500,FALSE,FALSE,TRUE,FALSE,,TRUE,FALSE,FALSE,TRUE,TRUE,TRUE,TRUE,FALSE,,200,25500,127.5,0,0,0.111381595,0,0
283,100,300,25000,Pawani,20.519113,78.689875,1,0,5.5,5.5,0,0,0,0,100000,,0,0,0,700,2,566.572238,7,38.5,5000,0,1,0,1.5,2.5,3,12000,FALSE,TRUE,TRUE,FALSE,,FALSE,TRUE,FALSE,FALSE,TRUE,TRUE,TRUE,FALSE,,150,4000,26.66666667,3000,220.7424304,0.111381595,0,0
284,100,300,25000,Mamdapur,20.56297,78.59527,7,2,40,15,9,4,0,13,1000000,9.5,36000,0,36000,730,2,590.8539053,8,120,5200,1,0,0,4,10,1,10000,FALSE,FALSE,TRUE,FALSE,,TRUE,FALSE,FALSE,TRUE,TRUE,FALSE,TRUE,FALSE,,200,3500,17.5,2500,67.44907595,0.111381595,0,0
285,100,300,25000,Giroli,20.563135,78.595503,4,1,10,7,1,2,0,3,125000,7,0,0,0,700,2,566.572238,6,42,5300,1,0,0,2,7,2,5000,FALSE,FALSE,TRUE,FALSE,,TRUE,TRUE,TRUE,TRUE,FALSE,FALSE,TRUE,FALSE,,150,6000,40,7000,404.6944557,0.111381595,0,0
286,100,300,25000,Pathari,20.549819,78.611569,4,1,4,4,2,3,0,5,100000,7,36000,0,36000,700,2.5,708.2152975,3,12,5000,0,0,0,40,4,2,1000,FALSE,FALSE,TRUE,FALSE,,FALSE,FALSE,FALSE,TRUE,TRUE,TRUE,TRUE,FALSE,,250,3000,12,1200,121.4083367,0.111381595,0,0
287,100,300,25000,Bhojanheda,20.58981,78.64552,4,0,25,15,1,2,0,3,,4,40000,,40000,700,3,849.8583569,10,150,5300,1,0,0,,25,2,4000,TRUE,TRUE,TRUE,FALSE,,FALSE,FALSE,TRUE,FALSE,FALSE,FALSE,FALSE,FALSE,,250,7000,28,0,0,0.111381595,0,0
288,100,300,25000,Mamdapur,20.56297,78.59527,2,1,5,2.5,3,2,0,5,100000,4,0,0,0,700,2,566.572238,11,27.5,5500,1,0,0,10,2.5,4,10000,FALSE,FALSE,TRUE,FALSE,Has sprinkler but does not use it for cotton,TRUE,TRUE,FALSE,TRUE,TRUE,TRUE,TRUE,FALSE,,300,6000,20,3000,485.6333468,0.111381595,0,0
289,100,300,25000,Giroli,20.563135,78.595503,5,1,2.5,1.25,3,2,0,5,72000,6,20000,0,20000,720,2,582.7600162,10,12.5,5000,1,0,0,5,2.5,3,10000,TRUE,FALSE,FALSE,FALSE,,TRUE,TRUE,FALSE,TRUE,TRUE,TRUE,TRUE,FALSE,,150,6000,40,4000,1295.022258,0.111381595,0,0
290,100,300,25000,Bhojanheda,20.58981,78.64552,8,4,12,5,1,0,0,1,,4,6000,6000,12000,680,3,825.5766896,7,35,5300,0,0,0,,0,,,,,,,,FALSE,FALSE,TRUE,FALSE,FALSE,FALSE,FALSE,FALSE,,300,7000,23.33333333,0,0,0.111381595,0,0
291,100,300,25000,Pathari,20.549819,78.611569,3,1,3,3,2,2,0,4,20000,2,0,12000,12000,700,2.25,637.3937677,4.5,13.5,5000,0,0,0,4,0,0,,,,,,,TRUE,TRUE,FALSE,FALSE,TRUE,TRUE,TRUE,FALSE,,150,3600,24,1500,202.3472278,0.111381595,0,0
292,100,300,25000,Mamdapur,20.56297,78.59527,5,3,3,2,2,2,0,4,,,9000,35000,44000,720,2,582.7600162,9,18,5100,1,0,0,40,2,2,2000,FALSE,FALSE,TRUE,FALSE,,TRUE,TRUE,FALSE,FALSE,TRUE,FALSE,TRUE,FALSE,,100,5000,50,3000,607.0416835,0.111381595,0,0
293,100,300,25000,Giroli,20.54696,78.5828,1,0,10,5.5,0,2,0,2,150000,10,0,0,0,720,2,582.7600162,7,38.5,5500,1,0,0,2.25,3,2,3500,FALSE,FALSE,TRUE,FALSE,,TRUE,FALSE,FALSE,FALSE,TRUE,FALSE,TRUE,FALSE,,165,2500,15.15151515,1200,88.29697215,0.111381595,0,0
294,100,300,25000,Pathari,20.54967,78.61152,4,3,8,8,1,2,0,3,75000,,0,30000,30000,720,2,582.7600162,4.5,36,5000,1,0,0,1.5,2,2.5,6000,FALSE,FALSE,TRUE,FALSE,,TRUE,TRUE,FALSE,FALSE,TRUE,TRUE,TRUE,FALSE,,300,3200,10.66666667,3000,151.7604209,0.111381595,0,0
295,100,300,25000,Anipur,20.550418,78.6977677,5,0,5,3,2,2,0,4,50000,4,36000,0,36000,700,1,283.286119,10,30,5000,1,0,0,6,1,2,1000,FALSE,FALSE,TRUE,FALSE,,TRUE,FALSE,FALSE,TRUE,TRUE,TRUE,TRUE,FALSE,,250,10000,40,3000,404.6944557,0.111381595,0,0
296,100,300,25000,Anipur,20.550418,78.6977677,3,1,16,11,0,2,0,2,,,0,0,0,700,2,566.572238,7,77,6200,1,0,0,5,5,2,5000,FALSE,FALSE,TRUE,FALSE,,TRUE,FALSE,FALSE,TRUE,TRUE,TRUE,TRUE,FALSE,,2350,5000,2.127659574,3000,110.3712152,0.111381595,0,0
297,100,300,25000,Yerandwadi,20.54,78.22,3,1,2.5,2.5,1,0,0,1,110000,13,42000,0,42000,700,2,566.572238,6,15,5600,1,0,0,0.83,2.5,2,5000,FALSE,FALSE,TRUE,FALSE,,FALSE,TRUE,FALSE,TRUE,TRUE,TRUE,TRUE,FALSE,,150,3866,25.77333333,3500,566.572238,0.111381595,0,0
298,100,300,25000,Pawani,20.5193,78.69035,3,0,3.5,3.5,2,2,0,4,,,65000,0,65000,700,2,566.572238,7.5,26.25,5000,0,0,0,1,0,,,,,,,,TRUE,FALSE,FALSE,FALSE,TRUE,TRUE,TRUE,FALSE,,200,1800,9,5500,635.9484304,0.111381595,0,0
299,100,300,25000,Mamdapur,20.563135,78.595503,5,1,16,12,2,4,0,6,300000,9,250000,0,250000,730,2,590.8539053,6,72,5200,1,0,0,15,8,1,5,FALSE,TRUE,TRUE,FALSE,,TRUE,TRUE,FALSE,TRUE,TRUE,FALSE,TRUE,FALSE,,250,5500,22,0,0,0.111381595,0,0
300,100,300,25000,Giroli,20.563135,78.595503,5,0,20,12,2,3,0,5,500000,7,0,0,0,700,2,566.572238,6,72,5500,1,0,0,5,12,3,120000,FALSE,FALSE,TRUE,FALSE,,TRUE,TRUE,TRUE,TRUE,TRUE,FALSE,TRUE,TRUE,Micro nutrients,150,6000,40,7000,236.0717658,0.111381595,0,0
301,100,300,25000,Pathari,20.549819,78.611569,4,2,13,11,1,2,0,3,150000,,0,0,0,720,2,582.7600162,5.5,60.5,5000,1,0,0,5,2,2,1200,FALSE,FALSE,TRUE,FALSE,,TRUE,FALSE,FALSE,FALSE,TRUE,FALSE,TRUE,FALSE,,150,2700,18,1300,47.82752658,0.111381595,0,0
303,100,300,25000,Kadajana,20.53384,78.88174,2,2,5,5,1,3,0,4,0,16,40000,0,40000,700,2,566.572238,4,20,5300,0,0,1,15,5,2,15000,FALSE,FALSE,TRUE,FALSE,,TRUE,FALSE,FALSE,FALSE,TRUE,TRUE,TRUE,FALSE,,150,3000,20,3000,242.8166734,0.226308273,0,0
304,100,300,25000,Sultanpur,20.52192,78.8938,4,1,16,10,0,2,0,2,600000,36,0,0,0,715,2,578.7130716,6,60,5000,1,0,0,10,2,2,8000,FALSE,FALSE,TRUE,FALSE,,TRUE,TRUE,FALSE,TRUE,TRUE,FALSE,TRUE,FALSE,,200,4800,24,3000,121.4083367,0.226308273,0,0
305,100,300,25000,Kadajana,20.53384,78.88175,4,1,7.5,3,1,2,0,3,100000,16,0,0,0,700,2,566.572238,6.5,19.5,5500,1,0,0,7.5,3,6.5,9000,FALSE,TRUE,TRUE,FALSE,,TRUE,TRUE,FALSE,FALSE,TRUE,TRUE,FALSE,FALSE,,250,4500,18,3000,404.6944557,0.226308273,0,0
306,100,300,25000,Sultanpur,20.52199,78.89392,3,1,1,1,0,0,0,0,,,72000,12000,84000,730,2,590.8539053,8,8,4000,0,0,0,7,0,0,0,,,,,,TRUE,FALSE,FALSE,FALSE,FALSE,TRUE,TRUE,FALSE,,250,8000,32,5000,2023.472278,0.226308273,0,0
307,100,300,25000,Kadajana,20.53384,78.88174,4,4,4.5,3,4,2,0,6,200000,9,60000,0,60000,720,2,582.7600162,4.5,13.5,4800,1,0,0,3,3,2,20000,FALSE,FALSE,TRUE,FALSE,,TRUE,TRUE,TRUE,TRUE,TRUE,TRUE,TRUE,FALSE,,200,5000,25,3000,404.6944557,0.226308273,0,0
308,100,300,25000,Sultanpur,20.52199,78.893784,3,1,2.5,2,2,0,1,3,50000,11,72000,0,72000,730,2,590.8539053,6.5,13,5000,1,0,0,5,2,3,11000,FALSE,FALSE,TRUE,TRUE,"Sprinklers for wheat and gran. When there is little rain, he only irrigates every other row.",TRUE,FALSE,FALSE,FALSE,FALSE,TRUE,TRUE,FALSE,,200,7000,35,3000,607.0416835,0.226308273,0,0
309,100,300,25000,Kadajana,20.533836,78.881715,4,2,17,5,2,3,0,5,330000,9,0,0,0,720,2,582.7600162,5.5,27.5,4500,1,0,0,12.5,0,0,10000,FALSE,TRUE,TRUE,FALSE,,TRUE,FALSE,TRUE,TRUE,TRUE,TRUE,TRUE,FALSE,,250,5000,20,3000,242.8166734,0.226308273,0,0
